name,price,url,image_url,type,size,vivino_score,store
Los Molinos Wit,10.99,https://www.ah.be/producten/product/wi440931/los-molinos-wit,https://static.ah.nl/dam/product/AHI_3469314739302d4c52683650427358374e69564e7241?revLabel=1&rendition=200x200_JPG_Q85&fileType=binary,White,Other,3.2,Albert Heijn
19 Crimes Chardonnay,9.99,https://www.ah.be/producten/product/wi465846,https://static.ah.nl/dam/product/AHI_4354523130313838383636?revLabel=1&rendition=200x200_JPG_Q85&fileType=binary,White,Other,3.9,Albert Heijn
Fat bastard Chardonnay,5.99,https://www.ah.be/producten/product/wi141653,https://static.ah.nl/dam/product/AHI_4354523130313730303030?revLabel=1&rendition=200x200_JPG_Q85&fileType=binary,White,Other,3.8,Albert Heijn
Lindeman's South africa sauvignon blanc chardonnay,5.99,https://www.ah.be/producten/product/wi160809,https://static.ah.nl/dam/product/AHI_434d50303330333437?revLabel=6&rendition=200x200_JPG_Q85&fileType=binary,White,Other,3.7,Albert Heijn
Camden park Chardonnay,5.79,https://www.ah.be/producten/product/wi217368,https://static.ah.nl/dam/product/AHI_2d5154526a70684d52654f677455796c58694b424841?revLabel=1&rendition=200x200_JPG_Q85&fileType=binary,White,Other,3.5,Albert Heijn
Viverty Sparkling wit alcoholvrij,5.99,https://www.ah.be/producten/product/wi401917,https://static.ah.nl/dam/product/AHI_43545239393630373236?revLabel=1&rendition=200x200_JPG_Q85&fileType=binary,Sparkling,Other,3.6,Albert Heijn
AH Fris & droge Zuid-Afrikaanse wijntap wit,12.99,https://www.ah.be/producten/product/wi222376/ah-fris-en-droge-zuid-afrikaanse-wijntap-wit,https://static.ah.nl/dam/product/AHI_6649526a313643495371437a5a32714333524b745441?revLabel=1&rendition=200x200_JPG_Q85&fileType=binary,White,Other,,Albert Heijn
Flaxbourne Sauvignon blanc,9.98,https://www.ah.be/producten/product/wi163552,https://static.ah.nl/dam/product/AHI_5769712d5872763254484b343934374d424846664241?revLabel=1&rendition=200x200_JPG_Q85&fileType=binary,White,Other,3.8,Albert Heijn
Fantini Pecorino,6.49,https://www.ah.be/producten/product/wi419830,https://static.ah.nl/dam/product/AHI_43545239393639363939?revLabel=1&rendition=200x200_JPG_Q85&fileType=binary,White,Other,3.6,Albert Heijn
Rustenberg Stellenbosch chardonnay,12.98,https://www.ah.be/producten/product/wi192805,https://static.ah.nl/dam/product/AHI_4354523130313837313038?revLabel=1&rendition=200x200_JPG_Q85&fileType=binary,White,Other,3.9,Albert Heijn
AH Fris & droge Franse huiswijn wit,2.69,https://www.ah.be/producten/product/wi222370/ah-fris-en-droge-franse-huiswijn-wit,https://static.ah.nl/dam/product/AHI_3769427362366b5551583637636f69534554624a7851?revLabel=1&rendition=200x200_JPG_Q85&fileType=binary,White,Other,2.7,Albert Heijn
19 Crimes Sauvignon blanc,9.99,https://www.ah.be/producten/product/wi503579,https://static.ah.nl/dam/product/AHI_4354523130313833303631?revLabel=1&rendition=200x200_JPG_Q85&fileType=binary,White,Other,3.4,Albert Heijn
Lindeman's South africa chardonnay viognier,5.99,https://www.ah.be/producten/product/wi199749,https://static.ah.nl/dam/product/AHI_4354523130313838323230?revLabel=1&rendition=200x200_JPG_Q85&fileType=binary,White,Other,3.3,Albert Heijn
Liebfraumilch Qualitätswein,3.29,https://www.ah.be/producten/product/wi199585/liebfraumilch-qualitatswein,https://static.ah.nl/dam/product/AHI_4354523130313932343636?revLabel=1&rendition=200x200_JPG_Q85&fileType=binary,White,Other,2.7,Albert Heijn
Grüner veltliner,4.99,https://www.ah.be/producten/product/wi473517,https://static.ah.nl/dam/product/AHI_4354523130303239353932?revLabel=1&rendition=200x200_JPG_Q85&fileType=binary,White,Other,3.9,Albert Heijn
AH Excellent Selectie pinot grigio,6.99,https://www.ah.be/producten/product/wi435813,https://static.ah.nl/dam/product/AHI_4354523130313832373231?revLabel=1&rendition=200x200_JPG_Q85&fileType=binary,White,Other,3.5,Albert Heijn
AH Biologisch Pinot grigio,4.99,https://www.ah.be/producten/product/wi458921/ah-biologisch-pinot-grigio,https://static.ah.nl/dam/product/AHI_43545237313331373933?revLabel=1&rendition=200x200_JPG_Q85&fileType=binary,White,Other,3.4,Albert Heijn
Wild Pig Viognier,5.99,https://www.ah.be/producten/product/wi120106,https://static.ah.nl/dam/product/AHI_59673162686b4e575353796c66572d474d4f445f7677?revLabel=1&rendition=200x200_JPG_Q85&fileType=binary,White,Other,3.2,Albert Heijn
Stellenb Vineyards Chenin blanc,8.99,https://www.ah.be/producten/product/wi440924,https://static.ah.nl/dam/product/AHI_4354523130313839333536?revLabel=1&rendition=200x200_JPG_Q85&fileType=binary,White,Other,3.8,Albert Heijn
Wild Pig Chardonnay wijntap,10.99,https://www.ah.be/producten/product/wi225296/wild-pig-chardonnay-wijntap,https://static.ah.nl/dam/product/AHI_434d50313538363139?revLabel=2&rendition=200x200_JPG_Q85&fileType=binary,White,Other,3.2,Albert Heijn
AH Sauvignon blanc,2.69,https://www.ah.be/producten/product/wi222373,https://static.ah.nl/dam/product/AHI_4354523130303934333035?revLabel=1&rendition=200x200_JPG_Q85&fileType=binary,White,Other,,Albert Heijn
Welmoed Chardonnay,6.79,https://www.ah.be/producten/product/wi132164,https://static.ah.nl/dam/product/AHI_4354523130313633363736?revLabel=1&rendition=200x200_JPG_Q85&fileType=binary,White,Other,3.2,Albert Heijn
Norton Colección chardonnay,6.89,https://www.ah.be/producten/product/wi155453,https://static.ah.nl/dam/product/AHI_574c62566b3135315472616433464d5637416d6e4d67?revLabel=1&rendition=200x200_JPG_Q85&fileType=binary,White,Other,3.3,Albert Heijn
Wild Pig Chardonnay,5.99,https://www.ah.be/producten/product/wi128222,https://static.ah.nl/dam/product/AHI_426155444e346c475355713766636a335a7968663677?revLabel=1&rendition=200x200_JPG_Q85&fileType=binary,White,Other,3.2,Albert Heijn
Sarmentino Chardonnay,4.49,https://www.ah.be/producten/product/wi365918/sarmentino-chardonnay,https://static.ah.nl/dam/product/AHI_4354523130313932393834?revLabel=1&rendition=200x200_JPG_Q85&fileType=binary,White,Other,3.1,Albert Heijn
AH Excellent Kamptal selectie grüner veltliner,7.99,https://www.ah.be/producten/product/wi365217,https://static.ah.nl/dam/product/AHI_676f65646a7565325370657268697a5a79615f795841?revLabel=1&rendition=200x200_JPG_Q85&fileType=binary,White,Other,3.7,Albert Heijn
Cape Original Sauvignon blanc alcoholvrij,5.99,https://www.ah.be/producten/product/wi564069,https://static.ah.nl/dam/product/AHI_6864355651483759532d69552d6230653465726e5141?revLabel=1&rendition=200x200_JPG_Q85&fileType=binary,White,Other,2.8,Albert Heijn
AH Vol & droge Zuid-Afrikaanse wit wijntap,11.99,https://www.ah.be/producten/product/wi475973/ah-vol-en-droge-zuid-afrikaanse-wit-wijntap,https://static.ah.nl/dam/product/AHI_6e4f34376a77505352326171715957626a686f747277?revLabel=1&rendition=200x200_JPG_Q85&fileType=binary,White,Other,,Albert Heijn
Undurraga Chardonnay,5.59,https://www.ah.be/producten/product/wi52034,https://static.ah.nl/dam/product/AHI_5036396e53415069526a2d76416e375f77416b584e41?revLabel=1&rendition=200x200_JPG_Q85&fileType=binary,White,Other,3.3,Albert Heijn
AH Vol & halfzoete Zuid-Afrikaanse wit,4.99,https://www.ah.be/producten/product/wi222358/ah-vol-en-halfzoete-zuid-afrikaanse-wit,https://static.ah.nl/dam/product/AHI_67375659766a4473513953684d39327666554d4e3367?revLabel=1&rendition=200x200_JPG_Q85&fileType=binary,White,Other,,Albert Heijn
AH Fris & droge Franse huiswijn wit,3.99,https://www.ah.be/producten/product/wi222357/ah-fris-en-droge-franse-huiswijn-wit,https://static.ah.nl/dam/product/AHI_6e53424c6f695f3953527544434661684f324c666641?revLabel=1&rendition=200x200_JPG_Q85&fileType=binary,White,Other,2.7,Albert Heijn
Cono Sur Bicicleta chardonnay,6.49,https://www.ah.be/producten/product/wi411748,https://static.ah.nl/dam/product/AHI_4354523130313931343430?revLabel=1&rendition=200x200_JPG_Q85&fileType=binary,White,Other,3.5,Albert Heijn
Vermeersch Grenache rosé bel,7.49,https://www.ah.be/producten/product/wi496769/vermeersch-grenache-rose-bel,https://static.ah.nl/dam/product/AHI_497759744b306b575357364b30555a42596662783777?revLabel=1&rendition=200x200_JPG_Q85&fileType=binary,Rosé,Other,3.5,Albert Heijn
AH Fris & droge Zuid-Afrikaanse witte wijn,4.99,https://www.ah.be/producten/product/wi222359/ah-fris-en-droge-zuid-afrikaanse-witte-wijn,https://static.ah.nl/dam/product/AHI_31347a7841514d6c547636356f797342657637396667?revLabel=1&rendition=200x200_JPG_Q85&fileType=binary,White,Other,3.1,Albert Heijn
AH Moscato,4.99,https://www.ah.be/producten/product/wi222349,https://static.ah.nl/dam/product/AHI_4354523130303636383932?revLabel=1&rendition=200x200_JPG_Q85&fileType=binary,White,Other,3.8,Albert Heijn
AH Biologisch Chardonnay,4.99,https://www.ah.be/producten/product/wi166918/ah-biologisch-chardonnay,https://static.ah.nl/dam/product/AHI_4575674c4256393853374337546e73386e7337727767?revLabel=1&rendition=200x200_JPG_Q85&fileType=binary,White,Other,2.9,Albert Heijn
Undurraga Sauvignon blanc,5.59,https://www.ah.be/producten/product/wi30539,https://static.ah.nl/dam/product/AHI_434d50303331393832?revLabel=1&rendition=200x200_JPG_Q85&fileType=binary,White,Other,3.3,Albert Heijn
Mesta Verdejo organic wine,5.99,https://www.ah.be/producten/product/wi225279/mesta-verdejo-organic-wine,https://static.ah.nl/dam/product/AHI_4b30306736425851524a655756414b334d34566f4f77?revLabel=1&rendition=200x200_JPG_Q85&fileType=binary,White,Other,3.4,Albert Heijn
Origin Chardonnay,9.99,https://www.ah.be/producten/product/wi492373/origin-chardonnay,https://static.ah.nl/dam/product/AHI_4c7a305a333533485239574f72506d3259734d645f41?revLabel=1&rendition=200x200_JPG_Q85&fileType=binary,White,Other,3.7,Albert Heijn
Wild Pig Sauvignon blanc,5.99,https://www.ah.be/producten/product/wi167842,https://static.ah.nl/dam/product/AHI_4354523130313835303234?revLabel=1&rendition=200x200_JPG_Q85&fileType=binary,White,Other,3.2,Albert Heijn
J.M. da Fonseca Vinho verde,4.59,https://www.ah.be/producten/product/wi236674,https://static.ah.nl/dam/product/AHI_4354523130323034383932?revLabel=1&rendition=200x200_JPG_Q85&fileType=binary,White,Other,3.5,Albert Heijn
AH Excellent Selectie touraine sauvignon blanc,7.99,https://www.ah.be/producten/product/wi387103,https://static.ah.nl/dam/product/AHI_4354523130313932353832?revLabel=1&rendition=200x200_JPG_Q85&fileType=binary,White,Other,3.8,Albert Heijn
AH Vol & droge Zuid-Afrikaanse huiswijn wit,4.99,https://www.ah.be/producten/product/wi222360/ah-vol-en-droge-zuid-afrikaanse-huiswijn-wit,https://static.ah.nl/dam/product/AHI_4e7a6a356265626a54536570476f336f654a68386467?revLabel=1&rendition=200x200_JPG_Q85&fileType=binary,White,Other,,Albert Heijn
Settesoli Fiano,5.99,https://www.ah.be/producten/product/wi211340,https://static.ah.nl/dam/product/AHI_6765494d67677065524e533836653278475838773451?revLabel=1&rendition=200x200_JPG_Q85&fileType=binary,White,Other,3.3,Albert Heijn
Chiarli 1860 Lambrusco bianco,3.49,https://www.ah.be/producten/product/wi284,https://static.ah.nl/dam/product/AHI_4354523130303938333234?revLabel=1&rendition=200x200_JPG_Q85&fileType=binary,Sparkling,Other,3.8,Albert Heijn
Sarmentino Sauvignon blanc,3.49,https://www.ah.be/producten/product/wi365924/sarmentino-sauvignon-blanc,https://static.ah.nl/dam/product/AHI_4354523130313930323139?revLabel=1&rendition=200x200_JPG_Q85&fileType=binary,White,Other,3.0,Albert Heijn
AH Excellent Selectie sauvignon blanc falcon,8.99,https://www.ah.be/producten/product/wi419766,https://static.ah.nl/dam/product/AHI_496a2d2d4c46776b53776939656f64706c7649753451?revLabel=1&rendition=200x200_JPG_Q85&fileType=binary,White,Other,3.9,Albert Heijn
Jacob's Creek Classic chardonnay,8.49,https://www.ah.be/producten/product/wi139909,https://static.ah.nl/dam/product/AHI_434d50303233333330?revLabel=6&rendition=200x200_JPG_Q85&fileType=binary,White,Other,3.4,Albert Heijn
Stellenb Vineyards Sauvignon blanc bel,8.99,https://www.ah.be/producten/product/wi508017/stellenb-vineyards-sauvignon-blanc-bel,https://static.ah.nl/dam/product/AHI_43545239373132393839?revLabel=1&rendition=200x200_JPG_Q85&fileType=binary,White,Other,3.8,Albert Heijn
AH Vol & halfzoete Zuid-Afrikaanse wit,2.69,https://www.ah.be/producten/product/wi222371,https://static.ah.nl/dam/product/AHI_43545239383431343036?revLabel=1&rendition=200x200_JPG_Q85&fileType=binary,White,Other,,Albert Heijn
Mooi Kaap Droë steen,4.29,https://www.ah.be/producten/product/wi365931/mooi-kaap-droe-steen,https://static.ah.nl/dam/product/AHI_43545239363034393331?revLabel=3&rendition=200x200_JPG_Q85&fileType=binary,White,Other,2.8,Albert Heijn
Vermeersch Chardonnay bel,7.49,https://www.ah.be/producten/product/wi496455/vermeersch-chardonnay-bel,https://static.ah.nl/dam/product/AHI_5142485537617636522d4f7545353337757032687167?revLabel=1&rendition=200x200_JPG_Q85&fileType=binary,White,Other,3.8,Albert Heijn
Catena Appellation Chardonnay bel,15.98,https://www.ah.be/producten/product/wi225611/catena-appellation-chardonnay-bel,https://static.ah.nl/dam/product/AHI_43545239383530383531?revLabel=1&rendition=200x200_JPG_Q85&fileType=binary,White,Other,4.0,Albert Heijn
Faber Sparkling White alcoholvrij,4.99,https://www.ah.be/producten/product/wi221927/faber-sparkling-white-alcoholvrij,https://static.ah.nl/dam/product/AHI_6438674e3852517854555768307934486f6e49385751?revLabel=1&rendition=200x200_JPG_Q85&fileType=binary,White,Other,3.2,Albert Heijn
Free Feather Chardonnay Alcoholvrij,1.99,https://www.ah.be/producten/product/wi481746/free-feather-chardonnay-alcoholvrij,https://static.ah.nl/dam/product/AHI_4354523130313839303432?revLabel=1&rendition=200x200_JPG_Q85&fileType=binary,White,Other,2.6,Albert Heijn
Viverty Sparkling wit alcoholvrij,3.79,https://www.ah.be/producten/product/wi560570/viverty-sparkling-wit-alcoholvrij,https://static.ah.nl/dam/product/AHI_4354523130313736343235?revLabel=1&rendition=200x200_JPG_Q85&fileType=binary,Sparkling,Other,3.6,Albert Heijn
Welmoed Sauvignon blanc,6.79,https://www.ah.be/producten/product/wi49838,https://static.ah.nl/dam/product/AHI_4768364b713852365166796277674d71575444334c67?revLabel=1&rendition=200x200_JPG_Q85&fileType=binary,White,Other,3.4,Albert Heijn
Moselland Spätlese,3.99,https://www.ah.be/producten/product/wi165201,https://static.ah.nl/dam/product/AHI_4354523130313932363335?revLabel=1&rendition=200x200_JPG_Q85&fileType=binary,White,Other,3.8,Albert Heijn
AH Vol & droge Zuid-Afrikaanse huiswijn wit,2.69,https://www.ah.be/producten/product/wi222372,https://static.ah.nl/dam/product/AHI_4354523130313835333834?revLabel=1&rendition=200x200_JPG_Q85&fileType=binary,White,Other,,Albert Heijn
Terra viva Bio pinot grigio,6.99,https://www.ah.be/producten/product/wi183474/terra-viva-bio-pinot-grigio,https://static.ah.nl/dam/product/AHI_4d63576b4b66447a547869526a2d5f483954634f6441?revLabel=1&rendition=200x200_JPG_Q85&fileType=binary,White,Other,3.5,Albert Heijn
Undurraga Chardonnay,3.99,https://www.ah.be/producten/product/wi115211/undurraga-chardonnay,https://static.ah.nl/dam/product/AHI_4354523130313839313531?revLabel=1&rendition=200x200_JPG_Q85&fileType=binary,White,Other,3.3,Albert Heijn
Los Molinos Wit,3.99,https://www.ah.be/producten/product/wi53565,https://static.ah.nl/dam/product/AHI_4354523130313836373633?revLabel=1&rendition=200x200_JPG_Q85&fileType=binary,White,Other,3.2,Albert Heijn
AH Fris & droge Chileense huiswijn wit,4.99,https://www.ah.be/producten/product/wi222362/ah-fris-en-droge-chileense-huiswijn-wit,https://static.ah.nl/dam/product/AHI_4354523130313931333034?revLabel=1&rendition=200x200_JPG_Q85&fileType=binary,White,Other,2.7,Albert Heijn
AH Pinot grigio,4.99,https://www.ah.be/producten/product/wi222350,https://static.ah.nl/dam/product/AHI_4354523130313933343739?revLabel=1&rendition=200x200_JPG_Q85&fileType=binary,White,Other,3.9,Albert Heijn
AH Chardonnay,4.99,https://www.ah.be/producten/product/wi222348,https://static.ah.nl/dam/product/AHI_43545239373837383232?revLabel=2&rendition=200x200_JPG_Q85&fileType=binary,White,Other,3.9,Albert Heijn
Sol y Nieve Rueda verdejo-viura,5.99,https://www.ah.be/producten/product/wi139508,https://static.ah.nl/dam/product/AHI_4354523130313930343835?revLabel=1&rendition=200x200_JPG_Q85&fileType=binary,White,Other,3.6,Albert Heijn
AH Vol & droge Australische huiswijn wit,4.99,https://www.ah.be/producten/product/wi222361/ah-vol-en-droge-australische-huiswijn-wit,https://static.ah.nl/dam/product/AHI_4354523130313033323636?revLabel=1&rendition=200x200_JPG_Q85&fileType=binary,White,Other,,Albert Heijn
Antonin Rodet Vin de france chardonnay,7.99,https://www.ah.be/producten/product/wi514634,https://static.ah.nl/dam/product/AHI_43545239383332313739?revLabel=2&rendition=200x200_JPG_Q85&fileType=binary,White,Other,3.5,Albert Heijn
Wild Pig Sauvignon blanc wijntap,10.99,https://www.ah.be/producten/product/wi559303/wild-pig-sauvignon-blanc-wijntap,https://static.ah.nl/dam/product/AHI_4354523130313939363436?revLabel=1&rendition=200x200_JPG_Q85&fileType=binary,White,Other,3.2,Albert Heijn
AH Biologisch Chardonnay,2.89,https://www.ah.be/producten/product/wi183614/ah-biologisch-chardonnay,https://static.ah.nl/dam/product/AHI_4354523130313839383636?revLabel=1&rendition=200x200_JPG_Q85&fileType=binary,White,Other,2.9,Albert Heijn
Zonin Soave Classico BEL,9.98,https://www.ah.be/producten/product/wi443584/zonin-soave-classico-bel,https://static.ah.nl/dam/product/AHI_3656474e4d48417153616d444278796e5a3544356851?revLabel=1&rendition=200x200_JPG_Q85&fileType=binary,White,Other,3.3,Albert Heijn
Puklavec & Friends Sauvignon blanc & pinot grigio,6.99,https://www.ah.be/producten/product/wi440890,https://static.ah.nl/dam/product/AHI_6d6e6f4853636667534653716e504c4650634e4e3777?revLabel=1&rendition=200x200_JPG_Q85&fileType=binary,White,Other,3.8,Albert Heijn
Hardys Wit wijntap,19.99,https://www.ah.be/producten/product/wi440976/hardys-wit-wijntap,https://static.ah.nl/dam/product/AHI_4354523130303830343430?revLabel=1&rendition=200x200_JPG_Q85&fileType=binary,White,Other,3.6,Albert Heijn
Hardys Bin 141 colombard chardonnay,3.99,https://www.ah.be/producten/product/wi132984,https://static.ah.nl/dam/product/AHI_4833494d41586e4554306d6a333947324b3932415141?revLabel=1&rendition=200x200_JPG_Q85&fileType=binary,White,Other,3.4,Albert Heijn
AH Excellent Selectie riesling,6.99,https://www.ah.be/producten/product/wi436957,https://static.ah.nl/dam/product/AHI_4354523130313832343330?revLabel=1&rendition=200x200_JPG_Q85&fileType=binary,White,Other,3.6,Albert Heijn
Stormhoek Moscato,5.99,https://www.ah.be/producten/product/wi192807,https://static.ah.nl/dam/product/AHI_43545239363931313934?revLabel=4&rendition=200x200_JPG_Q85&fileType=binary,White,Other,3.5,Albert Heijn
Sélection Clémence Blanc,3.59,https://www.ah.be/producten/product/wi34340/selection-clemence-blanc,https://static.ah.nl/dam/product/AHI_434d50303236343238?revLabel=1&rendition=200x200_JPG_Q85&fileType=binary,White,Other,,Albert Heijn
Stormhoek Chardonnay viognier,5.99,https://www.ah.be/producten/product/wi160499,https://static.ah.nl/dam/product/AHI_4354523130313633363734?revLabel=1&rendition=200x200_JPG_Q85&fileType=binary,White,Other,3.1,Albert Heijn
La Motte Sauvignon blanc,9.99,https://www.ah.be/producten/product/wi183482,https://static.ah.nl/dam/product/AHI_434d50323331363334?revLabel=3&rendition=200x200_JPG_Q85&fileType=binary,White,Other,3.6,Albert Heijn
AH Biologisch Sauvignon blanc,4.99,https://www.ah.be/producten/product/wi166919/ah-biologisch-sauvignon-blanc,https://static.ah.nl/dam/product/AHI_4354523130323037373236?revLabel=1&rendition=200x200_JPG_Q85&fileType=binary,White,Other,,Albert Heijn
Origin Sauvignon blanc wijntap,9.99,https://www.ah.be/producten/product/wi492374/origin-sauvignon-blanc-wijntap,https://static.ah.nl/dam/product/AHI_30534b69334e355552774343644b4b5254764f744e77?revLabel=1&rendition=200x200_JPG_Q85&fileType=binary,White,Other,4.0,Albert Heijn
Viña Albali Wit,2.29,https://www.ah.be/producten/product/wi421157/vina-albali-wit,https://static.ah.nl/dam/product/AHI_4354523130313837333332?revLabel=1&rendition=200x200_JPG_Q85&fileType=binary,White,Other,3.4,Albert Heijn
Cono Sur Chardonnay bio,9.98,https://www.ah.be/producten/product/wi441000/cono-sur-chardonnay-bio,https://static.ah.nl/dam/product/AHI_4354523130313834323731?revLabel=1&rendition=200x200_JPG_Q85&fileType=binary,White,Other,3.5,Albert Heijn
Cadis Garganega pinot grigio,4.99,https://www.ah.be/producten/product/wi371065,https://static.ah.nl/dam/product/AHI_346459347470375a5150616e69345967746779794441?revLabel=1&rendition=200x200_JPG_Q85&fileType=binary,White,Other,3.5,Albert Heijn
Castaño Macabeo organic,5.49,https://www.ah.be/producten/product/wi440880/castano-macabeo-organic,https://static.ah.nl/dam/product/AHI_4354523130313732373338?revLabel=1&rendition=200x200_JPG_Q85&fileType=binary,White,Other,3.4,Albert Heijn
Moselland Piesporter michelsberg,4.49,https://www.ah.be/producten/product/wi34296,https://static.ah.nl/dam/product/AHI_4c767530536a7463544b4735357154374364576d5667?revLabel=1&rendition=200x200_JPG_Q85&fileType=binary,White,Other,3.5,Albert Heijn
Norton Colección torrontés,6.79,https://www.ah.be/producten/product/wi99190,https://static.ah.nl/dam/product/AHI_576458394d684447544a36775650636e627062547977?revLabel=1&rendition=200x200_JPG_Q85&fileType=binary,White,Other,3.4,Albert Heijn
Aliwen Chardonnay reserva,6.99,https://www.ah.be/producten/product/wi128232,https://static.ah.nl/dam/product/AHI_4354523130313537303738?revLabel=1&rendition=200x200_JPG_Q85&fileType=binary,White,Other,3.4,Albert Heijn
Antinori Santa cristina pinot grigio,9.99,https://www.ah.be/producten/product/wi155473,https://static.ah.nl/dam/product/AHI_6b432d337364573553416d54307541694e5a6b746c51?revLabel=1&rendition=200x200_JPG_Q85&fileType=binary,White,Other,3.7,Albert Heijn
Viña Albali Organic verdejo wit wijntap,15.99,https://www.ah.be/producten/product/wi441025/vina-albali-organic-verdejo-wit-wijntap,https://static.ah.nl/dam/product/AHI_4354523130313835323136?revLabel=1&rendition=200x200_JPG_Q85&fileType=binary,White,Other,3.4,Albert Heijn
Rodet Chablis,15.99,https://www.ah.be/producten/product/wi191549,https://static.ah.nl/dam/product/AHI_434d50323331363535?revLabel=7&rendition=200x200_JPG_Q85&fileType=binary,White,Other,3.6,Albert Heijn
Contenda White airén,3.99,https://www.ah.be/producten/product/wi222363/contenda-white-airen,https://static.ah.nl/dam/product/AHI_4354523130303830363831?revLabel=1&rendition=200x200_JPG_Q85&fileType=binary,White,Other,2.8,Albert Heijn
Vermeersch Sauvignon blanc bel,7.49,https://www.ah.be/producten/product/wi496770/vermeersch-sauvignon-blanc-bel,https://static.ah.nl/dam/product/AHI_68334b4175797273546f6159376a5672365745695f67?revLabel=1&rendition=200x200_JPG_Q85&fileType=binary,White,Other,3.8,Albert Heijn
Stormhoek Sauvignon blanc,5.99,https://www.ah.be/producten/product/wi164119,https://static.ah.nl/dam/product/AHI_43545239363931313933?revLabel=4&rendition=200x200_JPG_Q85&fileType=binary,White,Other,3.0,Albert Heijn
AH Excellent Selectie coteaux bourguignons chardonnay,9.99,https://www.ah.be/producten/product/wi387102,https://static.ah.nl/dam/product/AHI_4354523130313835373339?revLabel=1&rendition=200x200_JPG_Q85&fileType=binary,White,Other,3.4,Albert Heijn
La Tulipe Chardonnay,6.99,https://www.ah.be/producten/product/wi202723,https://static.ah.nl/dam/product/AHI_4354523130313837313134?revLabel=1&rendition=200x200_JPG_Q85&fileType=binary,White,Other,3.2,Albert Heijn
Antonin Rodet Bourgogne chardonnay,11.99,https://www.ah.be/producten/product/wi209979,https://static.ah.nl/dam/product/AHI_434d5034303237363935?revLabel=3&rendition=200x200_JPG_Q85&fileType=binary,White,Other,3.5,Albert Heijn
AH Excellent Selectie rueda verdejo palacio almirante,6.99,https://www.ah.be/producten/product/wi411747,https://static.ah.nl/dam/product/AHI_434d50323837313136?revLabel=1&rendition=200x200_JPG_Q85&fileType=binary,White,Other,3.6,Albert Heijn
AH Excellent Selectie grüner veltliner kamptal,4.99,https://www.ah.be/producten/product/wi459048/ah-excellent-selectie-gruner-veltliner-kamptal,https://static.ah.nl/dam/product/AHI_43545238303733373232?revLabel=1&rendition=200x200_JPG_Q85&fileType=binary,White,Other,3.7,Albert Heijn
Blind River Sauvignon blanc,13.99,https://www.ah.be/producten/product/wi179455,https://static.ah.nl/dam/product/AHI_6174694b5753386652564f744b4976637a52796f6467?revLabel=1&rendition=200x200_JPG_Q85&fileType=binary,White,Other,3.9,Albert Heijn
Georges Duboeuf Pouilly-fuissé,22.99,https://www.ah.be/producten/product/wi401869/georges-duboeuf-pouilly-fuisse,https://static.ah.nl/dam/product/AHI_434d50323630383435?revLabel=1&rendition=200x200_JPG_Q85&fileType=binary,White,Other,3.9,Albert Heijn
Cadis Soave,4.99,https://www.ah.be/producten/product/wi165217,https://static.ah.nl/dam/product/AHI_4354523130313834333131?revLabel=1&rendition=200x200_JPG_Q85&fileType=binary,White,Other,3.2,Albert Heijn
Dourthe Sauternes grands terroirs,8.99,https://www.ah.be/producten/product/wi169916/dourthe-sauternes-grands-terroirs,https://static.ah.nl/dam/product/AHI_3577796a7a566c78515f432d386b4666794e5f766e67?revLabel=1&rendition=200x200_JPG_Q85&fileType=binary,White,Other,3.7,Albert Heijn
Viñas del Vero Luces blanco,5.99,https://www.ah.be/producten/product/wi365522,https://static.ah.nl/dam/product/AHI_434d50353433373136?revLabel=1&rendition=200x200_JPG_Q85&fileType=binary,White,Other,3.5,Albert Heijn
Settesoli Pinot grigio wijntap,13.49,https://www.ah.be/producten/product/wi455490/settesoli-pinot-grigio-wijntap,https://static.ah.nl/dam/product/AHI_4354523130313834313136?revLabel=1&rendition=200x200_JPG_Q85&fileType=binary,White,Other,3.5,Albert Heijn
La Tulipe Sauvignon blanc,6.99,https://www.ah.be/producten/product/wi99211,https://static.ah.nl/dam/product/AHI_4354523130303332393133?revLabel=1&rendition=200x200_JPG_Q85&fileType=binary,White,Other,3.2,Albert Heijn
Thierry Vaute Muscat de beaumes de venise,8.99,https://www.ah.be/producten/product/wi160463/thierry-vaute-muscat-de-beaumes-de-venise,https://static.ah.nl/dam/product/AHI_4354523130313833333034?revLabel=1&rendition=200x200_JPG_Q85&fileType=binary,White,Other,3.5,Albert Heijn
Penfolds Koonunga hill chardonnay,9.99,https://www.ah.be/producten/product/wi93724,https://static.ah.nl/dam/product/AHI_43545239373834363636?revLabel=3&rendition=200x200_JPG_Q85&fileType=binary,White,Other,3.6,Albert Heijn
Frontera Sauvignon blanc-pedro jiménez,4.99,https://www.ah.be/producten/product/wi129653,https://static.ah.nl/dam/product/AHI_5a6e715678475845545657726f746c72583542617a77?revLabel=1&rendition=200x200_JPG_Q85&fileType=binary,White,Other,3.7,Albert Heijn
Zuccardi Brazos chardonnay,9.99,https://www.ah.be/producten/product/wi401926/zuccardi-brazos-chardonnay,https://static.ah.nl/dam/product/AHI_4354523130313933393034?revLabel=1&rendition=200x200_JPG_Q85&fileType=binary,White,Other,3.3,Albert Heijn
Zuccardi Chardonnay,12.99,https://www.ah.be/producten/product/wi401936,https://static.ah.nl/dam/product/AHI_765a5636665f59345138575a525f7438484973486241?revLabel=1&rendition=200x200_JPG_Q85&fileType=binary,White,Other,3.7,Albert Heijn
Antonin Rodet Mâcon-villages blanc,11.99,https://www.ah.be/producten/product/wi365803,https://static.ah.nl/dam/product/AHI_434d50323033363734?revLabel=5&rendition=200x200_JPG_Q85&fileType=binary,White,Other,3.4,Albert Heijn
Berberana Dragon verdejo viura,6.49,https://www.ah.be/producten/product/wi184958/berberana-dragon-verdejo-viura,https://static.ah.nl/dam/product/AHI_43545239373236323138?revLabel=4&rendition=200x200_JPG_Q85&fileType=binary,White,Other,3.1,Albert Heijn
AH Excellent Selectie rueda verdejo palacio almirante,3.99,https://www.ah.be/producten/product/wi570833/ah-excellent-selectie-rueda-verdejo-palacio-almirante,https://static.ah.nl/dam/product/AHI_4354523130313839373538?revLabel=1&rendition=200x200_JPG_Q85&fileType=binary,White,Other,3.6,Albert Heijn
Les Folies Menetou-salon les folies blanc,14.99,https://www.ah.be/producten/product/wi124123/les-folies-menetou-salon-les-folies-blanc,https://static.ah.nl/dam/product/AHI_434d50313435323538?revLabel=3&rendition=200x200_JPG_Q85&fileType=binary,White,Other,3.5,Albert Heijn
E. Guigal Côtes du rhône blanc,11.99,https://www.ah.be/producten/product/wi234670,https://static.ah.nl/dam/product/AHI_434d50313739313239?revLabel=3&rendition=200x200_JPG_Q85&fileType=binary,White,Other,3.7,Albert Heijn
Antonin Rodet Saint-Veran,17.99,https://www.ah.be/producten/product/wi367515/antonin-rodet-saint-veran,https://static.ah.nl/dam/product/AHI_4354523130313933323436?revLabel=1&rendition=200x200_JPG_Q85&fileType=binary,White,Other,3.6,Albert Heijn
AH Excellent Selectie touraine sauvignon blanc,5.49,https://www.ah.be/producten/product/wi440917/ah-excellent-selectie-touraine-sauvignon-blanc,https://static.ah.nl/dam/product/AHI_4b525436303032353536?revLabel=1&rendition=200x200_JPG_Q85&fileType=binary,White,Other,3.8,Albert Heijn
Cecchi La mora maremma toscana,7.99,https://www.ah.be/producten/product/wi225280,https://static.ah.nl/dam/product/AHI_4354523130313930343438?revLabel=1&rendition=200x200_JPG_Q85&fileType=binary,White,Other,3.5,Albert Heijn
Aliwen Sauvignon blanc reserva,6.99,https://www.ah.be/producten/product/wi128233,https://static.ah.nl/dam/product/AHI_43545239353633373036?revLabel=1&rendition=200x200_JPG_Q85&fileType=binary,White,Other,3.4,Albert Heijn
Constantia Uitsig Semillon,18.99,https://www.ah.be/producten/product/wi570712/constantia-uitsig-semillon,https://static.ah.nl/dam/product/AHI_4354523130313930393839?revLabel=1&rendition=200x200_JPG_Q85&fileType=binary,White,Other,4.0,Albert Heijn
Constantia Uitsig Chardonnay,18.99,https://www.ah.be/producten/product/wi570713/constantia-uitsig-chardonnay,https://static.ah.nl/dam/product/AHI_4354523130313833363333?revLabel=1&rendition=200x200_JPG_Q85&fileType=binary,White,Other,3.7,Albert Heijn
Cave de Beblenheim Gewürztraminer,7.99,https://www.ah.be/producten/product/wi67574/cave-de-beblenheim-gewurztraminer,https://static.ah.nl/dam/product/AHI_70386a4a7635694752726963566e4e2d6e6b44387341?revLabel=1&rendition=200x200_JPG_Q85&fileType=binary,White,Other,3.7,Albert Heijn
Cave de Beblenheim Pinot gris,7.99,https://www.ah.be/producten/product/wi128241/cave-de-beblenheim-pinot-gris,https://static.ah.nl/dam/product/AHI_434d50303131343630?revLabel=5&rendition=200x200_JPG_Q85&fileType=binary,White,Other,3.6,Albert Heijn
Villa Antinori Bianco Toscana,9.99,https://www.ah.be/producten/product/wi132983/villa-antinori-bianco-toscana,https://static.ah.nl/dam/product/AHI_434d50303237383038?revLabel=4&rendition=200x200_JPG_Q85&fileType=binary,White,Other,3.9,Albert Heijn
Tamboerskloof Viognier,15.99,https://www.ah.be/producten/product/wi160509/tamboerskloof-viognier,https://static.ah.nl/dam/product/AHI_43545239393132373737?revLabel=1&rendition=200x200_JPG_Q85&fileType=binary,White,Other,3.8,Albert Heijn
Settesoli Pinot grigio,5.99,https://www.ah.be/producten/product/wi163546/settesoli-pinot-grigio,https://static.ah.nl/dam/product/AHI_4354523130313835373233?revLabel=1&rendition=200x200_JPG_Q85&fileType=binary,White,Other,3.5,Albert Heijn
Antonin Rodet Chablis premier cru Montmains,26.99,https://www.ah.be/producten/product/wi193212/antonin-rodet-chablis-premier-cru-montmains,https://static.ah.nl/dam/product/AHI_4354523130313933333633?revLabel=1&rendition=200x200_JPG_Q85&fileType=binary,White,Other,3.7,Albert Heijn
Rustenberg Sauvignon blanc chardonnay,7.99,https://www.ah.be/producten/product/wi195122/rustenberg-sauvignon-blanc-chardonnay,https://static.ah.nl/dam/product/AHI_434d50313238373033?revLabel=1&rendition=200x200_JPG_Q85&fileType=binary,White,Other,3.8,Albert Heijn
AH Sauvignon blanc,4.99,https://www.ah.be/producten/product/wi222337,https://static.ah.nl/dam/product/AHI_43545239363738393534?revLabel=3&rendition=200x200_JPG_Q85&fileType=binary,White,Other,,Albert Heijn
Welmoed Pinot grigio,6.79,https://www.ah.be/producten/product/wi371131/welmoed-pinot-grigio,https://static.ah.nl/dam/product/AHI_4354523130313835353534?revLabel=1&rendition=200x200_JPG_Q85&fileType=binary,White,Other,3.4,Albert Heijn
Jean Dumont Pouilly-fumé,13.99,https://www.ah.be/producten/product/wi396477/jean-dumont-pouilly-fume,https://static.ah.nl/dam/product/AHI_6c5273415842727652452d614b784266726e76693841?revLabel=1&rendition=200x200_JPG_Q85&fileType=binary,White,Other,3.7,Albert Heijn
Sarmentino Pinot grigio,4.49,https://www.ah.be/producten/product/wi436995/sarmentino-pinot-grigio,https://static.ah.nl/dam/product/AHI_434d5039373830323531?revLabel=3&rendition=200x200_JPG_Q85&fileType=binary,White,Other,3.3,Albert Heijn
Mastri Vernacoli Pinot bianco,7.49,https://www.ah.be/producten/product/wi440881/mastri-vernacoli-pinot-bianco,https://static.ah.nl/dam/product/AHI_4354523130313837363236?revLabel=1&rendition=200x200_JPG_Q85&fileType=binary,White,Other,3.4,Albert Heijn
Porcupine Ridge Chenin blanc,6.99,https://www.ah.be/producten/product/wi440887/porcupine-ridge-chenin-blanc,https://static.ah.nl/dam/product/AHI_434d5039363733303132?revLabel=2&rendition=200x200_JPG_Q85&fileType=binary,White,Other,3.6,Albert Heijn
Viverty Sauvignon blanc alcoholvrij,5.99,https://www.ah.be/producten/product/wi465843,https://static.ah.nl/dam/product/AHI_4852756d6636725f513436463472496e7850426f7341?revLabel=1&rendition=200x200_JPG_Q85&fileType=binary,White,Other,2.6,Albert Heijn
Sauvignon Moldavie Sauvignon blanc,4.59,https://www.ah.be/producten/product/wi481233/sauvignon-moldavie-sauvignon-blanc,https://static.ah.nl/dam/product/AHI_4f4d725233756d54515847693845554449626f666d41?revLabel=1&rendition=200x200_JPG_Q85&fileType=binary,White,Other,,Albert Heijn
AH Vol & halfzoete Zuid-Afrikaanse wit tap,11.99,https://www.ah.be/producten/product/wi509392/ah-vol-en-halfzoete-zuid-afrikaanse-wit-tap,https://static.ah.nl/dam/product/AHI_4567674f7363764a51516d7a75354276794679767267?revLabel=1&rendition=200x200_JPG_Q85&fileType=binary,White,Other,,Albert Heijn
Tardia Sweet white wine,4.99,https://www.ah.be/producten/product/wi570698/tardia-sweet-white-wine,https://static.ah.nl/dam/product/AHI_4354523130313839303931?revLabel=1&rendition=200x200_JPG_Q85&fileType=binary,White,Other,4.3,Albert Heijn
Constantia Uitsig Sauvignon blanc,12.99,https://www.ah.be/producten/product/wi570711/constantia-uitsig-sauvignon-blanc,https://static.ah.nl/dam/product/AHI_50384e36677a5f6f513569375169434e3250466e5141?revLabel=1&rendition=200x200_JPG_Q85&fileType=binary,White,Other,3.8,Albert Heijn
El Maestro Wit,5.49,https://www.ah.be/producten/product/wi570714/el-maestro-wit,https://static.ah.nl/dam/product/AHI_4354523130313838353132?revLabel=1&rendition=200x200_JPG_Q85&fileType=binary,White,Other,3.8,Albert Heijn
Sella & Mosca La cala vermentino,8.99,https://www.ah.be/producten/product/wi570720/sella-en-mosca-la-cala-vermentino,https://static.ah.nl/dam/product/AHI_555a557969395633514957593765534c695044473351?revLabel=1&rendition=200x200_JPG_Q85&fileType=binary,White,Other,3.6,Albert Heijn
Welmoed Chenin blanc,9.99,https://www.ah.be/producten/product/wi574204/welmoed-chenin-blanc,https://static.ah.nl/dam/product/AHI_4354523130313837313336?revLabel=1&rendition=200x200_JPG_Q85&fileType=binary,White,Other,3.5,Albert Heijn
Mooi Kaap Droë steen wijntap,9.99,https://www.ah.be/producten/product/wi586072/mooi-kaap-droe-steen-wijntap,https://static.ah.nl/dam/product/AHI_4354523130313832393239?revLabel=1&rendition=200x200_JPG_Q85&fileType=binary,White,Other,2.8,Albert Heijn
Eco Balance Chardonnay bel,6.99,https://www.ah.be/producten/product/wi588781/eco-balance-chardonnay-bel,https://static.ah.nl/dam/product/AHI_53445549622d6c37525a61476e30397a4c64334d5551?revLabel=1&rendition=200x200_JPG_Q85&fileType=binary,White,Other,3.4,Albert Heijn
LaCheteau Touraine sauvignon,8.49,https://www.ah.be/producten/product/wi590846/lacheteau-touraine-sauvignon,https://static.ah.nl/dam/product/AHI_4354523130313639363934?revLabel=1&rendition=200x200_JPG_Q85&fileType=binary,White,Other,3.8,Albert Heijn
LaCheteau Muscadet sevre et maine sur lie AOP,7.99,https://www.ah.be/producten/product/wi590811/lacheteau-muscadet-sevre-et-maine-sur-lie-aop,https://static.ah.nl/dam/product/AHI_4354523130313639363937?revLabel=1&rendition=200x200_JPG_Q85&fileType=binary,White,Other,3.8,Albert Heijn
"Freixenet 0,0% white wine bel",8.99,https://www.ah.be/producten/product/wi591670/freixenet-0-0-white-wine-bel,https://static.ah.nl/dam/product/AHI_4354523130313936363436?revLabel=1&rendition=200x200_JPG_Q85&fileType=binary,White,Other,3.4,Albert Heijn
Vermeersch Graffiti wit bib bel,24.99,https://www.ah.be/producten/product/wi597373/vermeersch-graffiti-wit-bib-bel,https://static.ah.nl/dam/product/AHI_74676a47384d7875525f656b7338724b42784d345a41?revLabel=1&rendition=200x200_JPG_Q85&fileType=binary,White,Box,,Albert Heijn
La Tulipe Chardonnay,4.29,https://www.ah.be/producten/product/wi599410/la-tulipe-chardonnay,https://static.ah.nl/dam/product/AHI_49335f3056396231526a6542435a7a49643076713277?revLabel=1&rendition=200x200_JPG_Q85&fileType=binary,White,Other,3.2,Albert Heijn
Ulisse Pinot grigio,9.99,https://www.ah.be/producten/product/wi599730/ulisse-pinot-grigio,https://static.ah.nl/dam/product/AHI_4d64664c794562655347614e707331474d6171435277?revLabel=1&rendition=200x200_JPG_Q85&fileType=binary,White,Other,4.1,Albert Heijn
Cecchi Viognier,8.99,https://www.ah.be/producten/product/wi599709/cecchi-viognier,https://static.ah.nl/dam/product/AHI_3941566d62504c4751486973446248745f6a44416f67?revLabel=1&rendition=200x200_JPG_Q85&fileType=binary,White,Other,3.9,Albert Heijn
Sucellos,9.99,https://www.ah.be/producten/product/wi600249/sucellos,https://static.ah.nl/dam/product/AHI_686643365978787152744f5a4f6a34704e424e376241?revLabel=1&rendition=200x200_JPG_Q85&fileType=binary,Red,Other,3.3,Albert Heijn
Viverty Rosé sparkling alcoholvrij,5.99,https://www.ah.be/producten/product/wi525063,https://static.ah.nl/dam/product/AHI_633744636e58702d516271347564654a726b34556777?revLabel=1&rendition=200x200_JPG_Q85&fileType=binary,Rosé,Other,3.3,Albert Heijn
Fat bastard Rosé,5.99,https://www.ah.be/producten/product/wi159218,https://static.ah.nl/dam/product/AHI_434d50313431343835?revLabel=3&rendition=200x200_JPG_Q85&fileType=binary,Rosé,Other,3.3,Albert Heijn
Lindeman's South africa rosé,5.99,https://www.ah.be/producten/product/wi170801/lindeman-s-south-africa-rose,https://static.ah.nl/dam/product/AHI_4354523130313934323536?revLabel=1&rendition=200x200_JPG_Q85&fileType=binary,Rosé,Other,3.4,Albert Heijn
Saint Louis De provence rosé,6.99,https://www.ah.be/producten/product/wi228280,https://static.ah.nl/dam/product/AHI_4354523130313930323630?revLabel=1&rendition=200x200_JPG_Q85&fileType=binary,Rosé,Other,3.8,Albert Heijn
Listel Rosé,5.99,https://www.ah.be/producten/product/wi99153,https://static.ah.nl/dam/product/AHI_4354523130313639363935?revLabel=1&rendition=200x200_JPG_Q85&fileType=binary,Rosé,Other,3.4,Albert Heijn
AH Vol & halfzoete Zuid-Afrikaanse rosé,4.99,https://www.ah.be/producten/product/wi401920/ah-vol-en-halfzoete-zuid-afrikaanse-rose,https://static.ah.nl/dam/product/AHI_4354523130313838353337?revLabel=1&rendition=200x200_JPG_Q85&fileType=binary,Rosé,Other,3.0,Albert Heijn
AH Fris & droge Franse huiswijn rosé,4.99,https://www.ah.be/producten/product/wi401918/ah-fris-en-droge-franse-huiswijn-rose,https://static.ah.nl/dam/product/AHI_704438494761763352694b475f574f70686c566a7351?revLabel=1&rendition=200x200_JPG_Q85&fileType=binary,Rosé,Other,,Albert Heijn
Mooi Kaap Rosé,4.29,https://www.ah.be/producten/product/wi365929/mooi-kaap-rose,https://static.ah.nl/dam/product/AHI_434d50303238303834?revLabel=2&rendition=200x200_JPG_Q85&fileType=binary,Rosé,Other,3.0,Albert Heijn
Welmoed Rosé,6.79,https://www.ah.be/producten/product/wi121646,https://static.ah.nl/dam/product/AHI_46665a4b736271475261657a6d427a6d42666f517251?revLabel=1&rendition=200x200_JPG_Q85&fileType=binary,Rosé,Other,3.3,Albert Heijn
AH Pinotage rosé,2.69,https://www.ah.be/producten/product/wi222419/ah-pinotage-rose,https://static.ah.nl/dam/product/AHI_4354523130313932373433?revLabel=1&rendition=200x200_JPG_Q85&fileType=binary,Rosé,Other,3.6,Albert Heijn
Free Feather Rosé alcoholvrij,5.99,https://www.ah.be/producten/product/wi498150,https://static.ah.nl/dam/product/AHI_43545239373737383335?revLabel=1&rendition=200x200_JPG_Q85&fileType=binary,Rosé,Other,2.3,Albert Heijn
Undurraga Rosé,5.59,https://www.ah.be/producten/product/wi99197,https://static.ah.nl/dam/product/AHI_4354523130313639393937?revLabel=1&rendition=200x200_JPG_Q85&fileType=binary,Rosé,Other,3.2,Albert Heijn
Wild Pig Syrah rosé,5.99,https://www.ah.be/producten/product/wi127146,https://static.ah.nl/dam/product/AHI_4354523130313033353735?revLabel=1&rendition=200x200_JPG_Q85&fileType=binary,Red,Other,3.2,Albert Heijn
Faber Sparkling rosé alcoholvrij,4.99,https://www.ah.be/producten/product/wi173541/faber-sparkling-rose-alcoholvrij,https://static.ah.nl/dam/product/AHI_47334c7165436c6b51326d6d5a4d734b585377734d77?revLabel=1&rendition=200x200_JPG_Q85&fileType=binary,Rosé,Other,3.4,Albert Heijn
Los Molinos Rosé,3.99,https://www.ah.be/producten/product/wi121507,https://static.ah.nl/dam/product/AHI_4354523130313934393837?revLabel=1&rendition=200x200_JPG_Q85&fileType=binary,Rosé,Other,3.2,Albert Heijn
Codorníu Zero rose bel,6.89,https://www.ah.be/producten/product/wi583543/codorniu-zero-rose-bel,https://static.ah.nl/dam/product/AHI_4354523130313930333538?revLabel=1&rendition=200x200_JPG_Q85&fileType=binary,Rosé,Other,3.6,Albert Heijn
Remy Pannier Rosé cuvée spéciale,5.49,https://www.ah.be/producten/product/wi65781,https://static.ah.nl/dam/product/AHI_4354523130313939363435?revLabel=1&rendition=200x200_JPG_Q85&fileType=binary,Rosé,Other,3.7,Albert Heijn
AH Excellent Selectie côtes de provence rosé,8.49,https://www.ah.be/producten/product/wi411744/ah-excellent-selectie-cotes-de-provence-rose,https://static.ah.nl/dam/product/AHI_43545239363736323430?revLabel=3&rendition=200x200_JPG_Q85&fileType=binary,Rosé,Other,4.1,Albert Heijn
Stormhoek Cape rosé,5.99,https://www.ah.be/producten/product/wi160504,https://static.ah.nl/dam/product/AHI_43545239383332363635?revLabel=1&rendition=200x200_JPG_Q85&fileType=binary,Rosé,Other,3.2,Albert Heijn
AH Biologisch Rosé,4.99,https://www.ah.be/producten/product/wi186147/ah-biologisch-rose,https://static.ah.nl/dam/product/AHI_6573796772486f51535443436f616b64474245557967?revLabel=1&rendition=200x200_JPG_Q85&fileType=binary,Rosé,Other,3.1,Albert Heijn
AH Pinotage rosé,4.99,https://www.ah.be/producten/product/wi222340,https://static.ah.nl/dam/product/AHI_43545239393234323731?revLabel=1&rendition=200x200_JPG_Q85&fileType=binary,Rosé,Other,3.6,Albert Heijn
AH Fris & droge Franse huiswijn rosé,2.69,https://www.ah.be/producten/product/wi401921/ah-fris-en-droge-franse-huiswijn-rose,https://static.ah.nl/dam/product/AHI_59386a325475386a545179726461427634352d5a3641?revLabel=1&rendition=200x200_JPG_Q85&fileType=binary,Rosé,Other,,Albert Heijn
Sarmentino Zinfandel rosé,4.19,https://www.ah.be/producten/product/wi365927/sarmentino-zinfandel-rose,https://static.ah.nl/dam/product/AHI_434d50313439363636?revLabel=2&rendition=200x200_JPG_Q85&fileType=binary,Rosé,Other,3.0,Albert Heijn
Tardia Sweet rose wine,4.99,https://www.ah.be/producten/product/wi571045,https://static.ah.nl/dam/product/AHI_304b666f777274595438656d786a51514b636d557a77?revLabel=1&rendition=200x200_JPG_Q85&fileType=binary,Rosé,Other,2.5,Albert Heijn
Château La Gordonne Rosé bio,9.99,https://www.ah.be/producten/product/wi99160/chateau-la-gordonne-rose-bio,https://static.ah.nl/dam/product/AHI_43545239383732343130?revLabel=1&rendition=200x200_JPG_Q85&fileType=binary,Rosé,Other,3.8,Albert Heijn
Côtes de Provence Beach rose,9.98,https://www.ah.be/producten/product/wi518465/cotes-de-provence-beach-rose,https://static.ah.nl/dam/product/AHI_4354523130313836313732?revLabel=1&rendition=200x200_JPG_Q85&fileType=binary,Rosé,Other,3.6,Albert Heijn
Cuvée Benedikt Cotes du rhone,5.69,https://www.ah.be/producten/product/wi517843,https://static.ah.nl/dam/product/AHI_4354523130313738353237?revLabel=1&rendition=200x200_JPG_Q85&fileType=binary,Red,Other,3.6,Albert Heijn
Listel Rosé,3.99,https://www.ah.be/producten/product/wi459896/listel-rose,https://static.ah.nl/dam/product/AHI_4441777342575938532d57332d6e594144724b736351?revLabel=1&rendition=200x200_JPG_Q85&fileType=binary,Rosé,Other,3.4,Albert Heijn
Claire Patelin Rosé,5.49,https://www.ah.be/producten/product/wi517845/claire-patelin-rose,https://static.ah.nl/dam/product/AHI_4354523130313833393034?revLabel=1&rendition=200x200_JPG_Q85&fileType=binary,Rosé,Other,3.7,Albert Heijn
Wijntje Rosé bio,4.99,https://www.ah.be/producten/product/wi570706/wijntje-rose-bio,https://static.ah.nl/dam/product/AHI_7855392d356f316f5255716b713463742d7074455a77?revLabel=1&rendition=200x200_JPG_Q85&fileType=binary,Rosé,Other,3.6,Albert Heijn
Domaine de Saint Ser Rosé biodynamic wine,12.99,https://www.ah.be/producten/product/wi153914/domaine-de-saint-ser-rose-biodynamic-wine,https://static.ah.nl/dam/product/AHI_4354523130303938333231?revLabel=1&rendition=200x200_JPG_Q85&fileType=binary,Rosé,Other,3.8,Albert Heijn
Château Citran Bordeaux rose bel,8.99,https://www.ah.be/producten/product/wi580274/chateau-citran-bordeaux-rose-bel,https://static.ah.nl/dam/product/AHI_516c6f4351456e45516b7151696e436d5365795a7941?revLabel=1&rendition=200x200_JPG_Q85&fileType=binary,Rosé,Other,3.6,Albert Heijn
La Tulipe Rosé,4.99,https://www.ah.be/producten/product/wi184770/la-tulipe-rose,https://static.ah.nl/dam/product/AHI_4354523130313832383133?revLabel=1&rendition=200x200_JPG_Q85&fileType=binary,Rosé,Other,3.2,Albert Heijn
Recit de Provence Rosé,9.99,https://www.ah.be/producten/product/wi509365/recit-de-provence-rose,https://static.ah.nl/dam/product/AHI_4354523130313939363433?revLabel=1&rendition=200x200_JPG_Q85&fileType=binary,Rosé,Other,4.1,Albert Heijn
Cono Sur Bicicleta rosé,6.99,https://www.ah.be/producten/product/wi551070/cono-sur-bicicleta-rose,https://static.ah.nl/dam/product/AHI_4354523130303636383931?revLabel=1&rendition=200x200_JPG_Q85&fileType=binary,Rosé,Other,3.6,Albert Heijn
Vermeersch Graffiti rosé bib bel,24.99,https://www.ah.be/producten/product/wi555245/vermeersch-graffiti-rose-bib-bel,https://static.ah.nl/dam/product/AHI_43545239393532313035?revLabel=1&rendition=200x200_JPG_Q85&fileType=binary,Rosé,Box,,Albert Heijn
Coral de Peñascal Ethical rosé organic wine,6.99,https://www.ah.be/producten/product/wi570703/coral-de-penascal-ethical-rose-organic-wine,https://static.ah.nl/dam/product/AHI_4354523130303736323131?revLabel=1&rendition=200x200_JPG_Q85&fileType=binary,Rosé,Other,3.5,Albert Heijn
Hey you Rosé,5.79,https://www.ah.be/producten/product/wi570710/hey-you-rose,https://static.ah.nl/dam/product/AHI_543267617873396553714b54686b70325f782d545f41?revLabel=1&rendition=200x200_JPG_Q85&fileType=binary,Rosé,Other,3.6,Albert Heijn
Monte Carlo Côtes de Provence rosé bel,11.99,https://www.ah.be/producten/product/wi575697/monte-carlo-cotes-de-provence-rose-bel,https://static.ah.nl/dam/product/AHI_4354523130303731303037?revLabel=1&rendition=200x200_JPG_Q85&fileType=binary,Rosé,Other,3.7,Albert Heijn
Eco Balance Rose bel,6.99,https://www.ah.be/producten/product/wi588913/eco-balance-rose-bel,https://static.ah.nl/dam/product/AHI_6c55455a6c327866514c4b692d7068714f4a52576677?revLabel=1&rendition=200x200_JPG_Q85&fileType=binary,Rosé,Other,3.5,Albert Heijn
Cecchi Calipte Toscana rosato,9.99,https://www.ah.be/producten/product/wi590843/cecchi-calipte-toscana-rosato,https://static.ah.nl/dam/product/AHI_6c4b59464b694a4f535a754a6634352d4e744b6f6677?revLabel=1&rendition=200x200_JPG_Q85&fileType=binary,Rosé,Other,3.5,Albert Heijn
De Verhulstjes Rose,7.99,https://www.ah.be/producten/product/wi590889/de-verhulstjes-rose,https://static.ah.nl/dam/product/AHI_4354523130313639373031?revLabel=1&rendition=200x200_JPG_Q85&fileType=binary,Rosé,Other,3.4,Albert Heijn
"Freixenet 0,0% rosé bel",8.99,https://www.ah.be/producten/product/wi591672/freixenet-0-0-rose-bel,https://static.ah.nl/dam/product/AHI_4354523130313936363434?revLabel=1&rendition=200x200_JPG_Q85&fileType=binary,Rosé,Other,3.4,Albert Heijn
Côtes de Provence Rose,2.99,https://www.ah.be/producten/product/wi599409/cotes-de-provence-rose,https://static.ah.nl/dam/product/AHI_4f704872515273555356575133447663724841664967?revLabel=1&rendition=200x200_JPG_Q85&fileType=binary,Rosé,Other,4.1,Albert Heijn
AH Glühwein,2.59,https://www.ah.be/producten/product/wi166391/ah-gluhwein,https://static.ah.nl/dam/product/AHI_43545239393535333739?revLabel=1&rendition=200x200_JPG_Q85&fileType=binary,Red,Other,3.6,Albert Heijn
Hardys Cabernet shiraz merlot,8.99,https://www.ah.be/producten/product/wi136421,https://static.ah.nl/dam/product/AHI_4354523130313834393737?revLabel=1&rendition=200x200_JPG_Q85&fileType=binary,Red,Other,3.6,Albert Heijn
19 Crimes Red blend,9.99,https://www.ah.be/producten/product/wi465836,https://static.ah.nl/dam/product/AHI_503748625f4b6b475231754a6f4f346f5f6b42786177?revLabel=1&rendition=200x200_JPG_Q85&fileType=binary,Red,Other,4.0,Albert Heijn
Fantini Montepulciano d'abruzzo,5.99,https://www.ah.be/producten/product/wi55892,https://static.ah.nl/dam/product/AHI_434d50303739373431?revLabel=4&rendition=200x200_JPG_Q85&fileType=binary,Red,Other,3.5,Albert Heijn
Los Molinos Rood,10.99,https://www.ah.be/producten/product/wi440929/los-molinos-rood,https://static.ah.nl/dam/product/AHI_4354523130313931373630?revLabel=1&rendition=200x200_JPG_Q85&fileType=binary,Red,Other,3.2,Albert Heijn
Fantini Puglia primitivo,6.49,https://www.ah.be/producten/product/wi139788/fantini-puglia-primitivo,https://static.ah.nl/dam/product/AHI_434d50303739373339?revLabel=5&rendition=200x200_JPG_Q85&fileType=binary,Red,Other,3.6,Albert Heijn
Lindeman's South africa cabernet sauvignon merlot,5.99,https://www.ah.be/producten/product/wi160694,https://static.ah.nl/dam/product/AHI_4354523130313934373533?revLabel=1&rendition=200x200_JPG_Q85&fileType=binary,Red,Other,3.1,Albert Heijn
Norton Colección malbec,6.89,https://www.ah.be/producten/product/wi57609,https://static.ah.nl/dam/product/AHI_75416179466e4b70544c697a614f3174524730397641?revLabel=1&rendition=200x200_JPG_Q85&fileType=binary,Red,Other,3.4,Albert Heijn
Norton Barrel select malbec,9.99,https://www.ah.be/producten/product/wi129678,https://static.ah.nl/dam/product/AHI_77355566527a665a5441617944357857717256315867?revLabel=1&rendition=200x200_JPG_Q85&fileType=binary,Red,Other,3.7,Albert Heijn
AH Merlot,2.69,https://www.ah.be/producten/product/wi222369,https://static.ah.nl/dam/product/AHI_755f733138385a565470324a454b3361797753507741?revLabel=1&rendition=200x200_JPG_Q85&fileType=binary,Red,Other,,Albert Heijn
Free Feather Merlot Alcoholvrij,5.99,https://www.ah.be/producten/product/wi425679,https://static.ah.nl/dam/product/AHI_434d5031313832333032?revLabel=1&rendition=200x200_JPG_Q85&fileType=binary,Red,Other,2.3,Albert Heijn
Campo Viejo Rioja tempranillo,6.99,https://www.ah.be/producten/product/wi160698,https://static.ah.nl/dam/product/AHI_7457744e37537257537175446d63743938394e4a4341?revLabel=1&rendition=200x200_JPG_Q85&fileType=binary,Red,Other,3.7,Albert Heijn
Fantini Sangiovese,6.49,https://www.ah.be/producten/product/wi135318,https://static.ah.nl/dam/product/AHI_4354523130323034313033?revLabel=1&rendition=200x200_JPG_Q85&fileType=binary,Red,Other,3.7,Albert Heijn
Fat bastard Merlot,5.99,https://www.ah.be/producten/product/wi141654,https://static.ah.nl/dam/product/AHI_4354523130313930333934?revLabel=1&rendition=200x200_JPG_Q85&fileType=binary,Red,Other,3.5,Albert Heijn
Campo Viejo Rioja reserva,9.99,https://www.ah.be/producten/product/wi195925,https://static.ah.nl/dam/product/AHI_43545239363330333233?revLabel=2&rendition=200x200_JPG_Q85&fileType=binary,Red,Other,3.8,Albert Heijn
Fantini Puglia rosso,6.49,https://www.ah.be/producten/product/wi440708,https://static.ah.nl/dam/product/AHI_4b525436303032353633?revLabel=6&rendition=200x200_JPG_Q85&fileType=binary,Red,Other,3.6,Albert Heijn
Cecchi Chianti classico riserva,19.98,https://www.ah.be/producten/product/wi444111,https://static.ah.nl/dam/product/AHI_4354525f36303638383632?revLabel=1&rendition=200x200_JPG_Q85&fileType=binary,Red,Other,3.8,Albert Heijn
Mesta Tempranillo organic wine,5.99,https://www.ah.be/producten/product/wi225278/mesta-tempranillo-organic-wine,https://static.ah.nl/dam/product/AHI_543861546d306c35536e655f68534779795832495641?revLabel=1&rendition=200x200_JPG_Q85&fileType=binary,Red,Other,3.4,Albert Heijn
Lindeman's South africa shiraz cabernet sauvignon,5.99,https://www.ah.be/producten/product/wi170802,https://static.ah.nl/dam/product/AHI_434d50303330333738?revLabel=5&rendition=200x200_JPG_Q85&fileType=binary,Red,Other,3.7,Albert Heijn
Vin de Pays d'Oc Rood,3.99,https://www.ah.be/producten/product/wi121073/vin-de-pays-d-oc-rood,https://static.ah.nl/dam/product/AHI_434d50313432393830?revLabel=2&rendition=200x200_JPG_Q85&fileType=binary,Red,Other,,Albert Heijn
Rucio Sangria,1.99,https://www.ah.be/producten/product/wi195779/rucio-sangria,https://static.ah.nl/dam/product/AHI_434d50303530363635?revLabel=1&rendition=200x200_JPG_Q85&fileType=binary,Other,Other,,Albert Heijn
Undurraga Cabernet sauvignon,5.59,https://www.ah.be/producten/product/wi30538,https://static.ah.nl/dam/product/AHI_4354523130323037373234?revLabel=1&rendition=200x200_JPG_Q85&fileType=binary,Red,Other,3.5,Albert Heijn
Marqués de Vitoria Rioja gran reserva,19.98,https://www.ah.be/producten/product/wi570657/marques-de-vitoria-rioja-gran-reserva,https://static.ah.nl/dam/product/AHI_4354523130313837383634?revLabel=1&rendition=200x200_JPG_Q85&fileType=binary,Red,Other,3.9,Albert Heijn
Stellenb Vineyards Pinotage,8.99,https://www.ah.be/producten/product/wi440720/stellenb-vineyards-pinotage,https://static.ah.nl/dam/product/AHI_4354523130313937393837?revLabel=1&rendition=200x200_JPG_Q85&fileType=binary,Red,Other,3.8,Albert Heijn
Welmoed Merlot,6.79,https://www.ah.be/producten/product/wi115201,https://static.ah.nl/dam/product/AHI_61436f7579785f395458474e487436545f6732363841?revLabel=1&rendition=200x200_JPG_Q85&fileType=binary,Red,Other,3.0,Albert Heijn
Catena Appellation Malbec Lunlunta BEL,15.98,https://www.ah.be/producten/product/wi380532/catena-appellation-malbec-lunlunta-bel,https://static.ah.nl/dam/product/AHI_5a645f3453507667525a476841664c534b6e374d4351?revLabel=1&rendition=200x200_JPG_Q85&fileType=binary,Red,Other,4.2,Albert Heijn
Los Molinos Rood,3.99,https://www.ah.be/producten/product/wi123561,https://static.ah.nl/dam/product/AHI_6474714d725a5f32536832476e5177456a4d62416351?revLabel=1&rendition=200x200_JPG_Q85&fileType=binary,Red,Other,3.2,Albert Heijn
Camden park Shiraz,5.79,https://www.ah.be/producten/product/wi217370,https://static.ah.nl/dam/product/AHI_71624150704b41715171714b6b3552626b614d306951?revLabel=1&rendition=200x200_JPG_Q85&fileType=binary,Red,Other,3.7,Albert Heijn
AH Stevige Chileense huiswijn rood,4.99,https://www.ah.be/producten/product/wi222355/ah-stevige-chileense-huiswijn-rood,https://static.ah.nl/dam/product/AHI_4c656d754a5f7a5f51433232576b706c484959785a77?revLabel=1&rendition=200x200_JPG_Q85&fileType=binary,Red,Other,,Albert Heijn
Sarmentino Merlot,4.49,https://www.ah.be/producten/product/wi365949/sarmentino-merlot,https://static.ah.nl/dam/product/AHI_4354525f36303935343939?revLabel=2&rendition=200x200_JPG_Q85&fileType=binary,Red,Other,3.1,Albert Heijn
Hardys Rood wijntap,19.99,https://www.ah.be/producten/product/wi440975/hardys-rood-wijntap,https://static.ah.nl/dam/product/AHI_4354523130303830373432?revLabel=1&rendition=200x200_JPG_Q85&fileType=binary,Red,Other,3.6,Albert Heijn
Chiarli 1860 Lambrusco rosso,3.49,https://www.ah.be/producten/product/wi2524,https://static.ah.nl/dam/product/AHI_43545239383339313339?revLabel=1&rendition=200x200_JPG_Q85&fileType=binary,Sparkling,Other,3.6,Albert Heijn
AH Biologisch Cabernet sauvignon,2.89,https://www.ah.be/producten/product/wi183612/ah-biologisch-cabernet-sauvignon,https://static.ah.nl/dam/product/AHI_70655475756b396f52634f30375f3961656e31796777?revLabel=1&rendition=200x200_JPG_Q85&fileType=binary,Red,Other,3.5,Albert Heijn
AH Fruitige Franse huiswijn rood,3.99,https://www.ah.be/producten/product/wi222351/ah-fruitige-franse-huiswijn-rood,https://static.ah.nl/dam/product/AHI_3046775453714d7a54722d43716f636f425643723941?revLabel=1&rendition=200x200_JPG_Q85&fileType=binary,Red,Other,,Albert Heijn
AH Excellent Selectie bordeaux,7.99,https://www.ah.be/producten/product/wi387116,https://static.ah.nl/dam/product/AHI_434d50323433383938?revLabel=2&rendition=200x200_JPG_Q85&fileType=binary,Red,Other,3.6,Albert Heijn
Rustenberg Malbec cabernet sauvignon merlot,7.99,https://www.ah.be/producten/product/wi195123,https://static.ah.nl/dam/product/AHI_4354523130313436373333?revLabel=1&rendition=200x200_JPG_Q85&fileType=binary,Red,Other,3.6,Albert Heijn
Undurraga Carménère,5.59,https://www.ah.be/producten/product/wi106275,https://static.ah.nl/dam/product/AHI_434d50303331393633?revLabel=3&rendition=200x200_JPG_Q85&fileType=binary,Red,Other,3.4,Albert Heijn
Wild Pig Merlot,5.99,https://www.ah.be/producten/product/wi127960,https://static.ah.nl/dam/product/AHI_4c4e32495269735f51755733636763344b6338477a77?revLabel=1&rendition=200x200_JPG_Q85&fileType=binary,Red,Other,3.0,Albert Heijn
AH Soepele Spaanse huiswijn rood,2.69,https://www.ah.be/producten/product/wi222367,https://static.ah.nl/dam/product/AHI_434d50313439323734?revLabel=3&rendition=200x200_JPG_Q85&fileType=binary,Red,Other,3.0,Albert Heijn
Cape Original Shiraz alcoholvrij,5.99,https://www.ah.be/producten/product/wi564067,https://static.ah.nl/dam/product/AHI_3650357877676d325436716b5933554d6f4853474d51?revLabel=1&rendition=200x200_JPG_Q85&fileType=binary,Red,Other,3.1,Albert Heijn
AH Excellent Selectie cangrande valpolicella ripasso,9.99,https://www.ah.be/producten/product/wi419990,https://static.ah.nl/dam/product/AHI_4354523130313933343536?revLabel=1&rendition=200x200_JPG_Q85&fileType=binary,Red,Other,3.8,Albert Heijn
AH Soepele Zuid-Afrikaanse huiswijn rood,4.99,https://www.ah.be/producten/product/wi222353/ah-soepele-zuid-afrikaanse-huiswijn-rood,https://static.ah.nl/dam/product/AHI_5f65536e526a555f53506577506d3535483072795067?revLabel=1&rendition=200x200_JPG_Q85&fileType=binary,Red,Other,3.0,Albert Heijn
Sangre de Toro Rood,3.99,https://www.ah.be/producten/product/wi441008/sangre-de-toro-rood,https://static.ah.nl/dam/product/AHI_4354523130313931353931?revLabel=1&rendition=200x200_JPG_Q85&fileType=binary,Red,Other,3.5,Albert Heijn
AH Excellent Selectie côtes du rhône villages,5.49,https://www.ah.be/producten/product/wi387118,https://static.ah.nl/dam/product/AHI_4354523130313832343932?revLabel=1&rendition=200x200_JPG_Q85&fileType=binary,Red,Other,3.5,Albert Heijn
AH Biologisch Merlot,4.99,https://www.ah.be/producten/product/wi166917/ah-biologisch-merlot,https://static.ah.nl/dam/product/AHI_6533392d4279442d5363696f7a54527966454e637851?revLabel=1&rendition=200x200_JPG_Q85&fileType=binary,Red,Other,,Albert Heijn
AH Merlot,4.99,https://www.ah.be/producten/product/wi222345,https://static.ah.nl/dam/product/AHI_43545239373837393431?revLabel=1&rendition=200x200_JPG_Q85&fileType=binary,Red,Other,,Albert Heijn
Campo Viejo Rioja garnacha,7.49,https://www.ah.be/producten/product/wi363029,https://static.ah.nl/dam/product/AHI_4354523130313836333937?revLabel=1&rendition=200x200_JPG_Q85&fileType=binary,Red,Other,3.7,Albert Heijn
Viña Albali Rood,2.29,https://www.ah.be/producten/product/wi421179/vina-albali-rood,https://static.ah.nl/dam/product/AHI_434d50363632333839?revLabel=2&rendition=200x200_JPG_Q85&fileType=binary,Red,Other,3.4,Albert Heijn
Château de Bon Ami Bordeaux,5.99,https://www.ah.be/producten/product/wi124849,https://static.ah.nl/dam/product/AHI_4c69456172764a7352794f67724a36413562384c6567?revLabel=1&rendition=200x200_JPG_Q85&fileType=binary,Red,Other,3.3,Albert Heijn
Zonin Amarone della Valpolicella BEL,26.65,https://www.ah.be/producten/product/wi423053/zonin-amarone-della-valpolicella-bel,https://static.ah.nl/dam/product/AHI_5352517945766d77534a656f4a754d5472386f597941?revLabel=1&rendition=200x200_JPG_Q85&fileType=binary,Red,Other,4.2,Albert Heijn
AH Biologisch Chardonnay,10.99,https://www.ah.be/producten/product/wi188065/ah-biologisch-chardonnay,https://static.ah.nl/dam/product/AHI_4f47624859446732515f69534d7855704c62794d6c51?revLabel=1&rendition=200x200_JPG_Q85&fileType=binary,White,Other,2.9,Albert Heijn
Cecchi Chianti classico,8.99,https://www.ah.be/producten/product/wi67876,https://static.ah.nl/dam/product/AHI_43545239363738303036?revLabel=1&rendition=200x200_JPG_Q85&fileType=binary,Red,Other,3.8,Albert Heijn
Sangre de Toro Original,6.99,https://www.ah.be/producten/product/wi93567,https://static.ah.nl/dam/product/AHI_4b525436303033353031?revLabel=4&rendition=200x200_JPG_Q85&fileType=binary,Red,Other,3.5,Albert Heijn
Cono Sur Bicicleta pinot noir,6.49,https://www.ah.be/producten/product/wi411213,https://static.ah.nl/dam/product/AHI_776d6574424935785177437a544f5a37416e77425551?revLabel=1&rendition=200x200_JPG_Q85&fileType=binary,Red,Other,3.3,Albert Heijn
Château Lavergne Lavergne bordeaux,4.99,https://www.ah.be/producten/product/wi31457,https://static.ah.nl/dam/product/AHI_6b55355a4f34655354474f554d5655615f6b73444841?revLabel=1&rendition=200x200_JPG_Q85&fileType=binary,Red,Other,3.4,Albert Heijn
AH Biologisch Merlot,10.99,https://www.ah.be/producten/product/wi188758/ah-biologisch-merlot,https://static.ah.nl/dam/product/AHI_5a483136386e61545253327a324d544d625758474c77?revLabel=1&rendition=200x200_JPG_Q85&fileType=binary,Red,Other,,Albert Heijn
Jacob's Creek Classic cabernet sauvignon,8.49,https://www.ah.be/producten/product/wi169731,https://static.ah.nl/dam/product/AHI_434d50303439313330?revLabel=6&rendition=200x200_JPG_Q85&fileType=binary,Red,Other,3.4,Albert Heijn
Campo Viejo Rioja tempranillo,4.99,https://www.ah.be/producten/product/wi559305/campo-viejo-rioja-tempranillo,https://static.ah.nl/dam/product/AHI_4354523130313934323431?revLabel=1&rendition=200x200_JPG_Q85&fileType=binary,Red,Other,3.7,Albert Heijn
Stormhoek Cabernet sauvignon merlot,5.99,https://www.ah.be/producten/product/wi160497,https://static.ah.nl/dam/product/AHI_434d50363434303831?revLabel=5&rendition=200x200_JPG_Q85&fileType=binary,Red,Other,2.9,Albert Heijn
Jacob's Creek Classic merlot,8.49,https://www.ah.be/producten/product/wi169057,https://static.ah.nl/dam/product/AHI_434d50303233333437?revLabel=3&rendition=200x200_JPG_Q85&fileType=binary,Red,Other,3.4,Albert Heijn
AH Biologisch Cabernet sauvignon,4.99,https://www.ah.be/producten/product/wi167299/ah-biologisch-cabernet-sauvignon,https://static.ah.nl/dam/product/AHI_434d50323032313433?revLabel=3&rendition=200x200_JPG_Q85&fileType=binary,Red,Other,3.5,Albert Heijn
Antinori Santa cristina toscana rosso,5.99,https://www.ah.be/producten/product/wi195945/antinori-santa-cristina-toscana-rosso,https://static.ah.nl/dam/product/AHI_447351553035736854684f63416e54786c4676725f51?revLabel=1&rendition=200x200_JPG_Q85&fileType=binary,Red,Other,4.0,Albert Heijn
AH Excellent Selectie viña lorea rioja crianza,6.99,https://www.ah.be/producten/product/wi387119,https://static.ah.nl/dam/product/AHI_434d50323433383932?revLabel=3&rendition=200x200_JPG_Q85&fileType=binary,Red,Other,3.7,Albert Heijn
Marqués de Vitoria Rioja crianza,7.99,https://www.ah.be/producten/product/wi553710,https://static.ah.nl/dam/product/AHI_4354523130313934313233?revLabel=1&rendition=200x200_JPG_Q85&fileType=binary,Red,Other,3.8,Albert Heijn
Cecchi Chianti,6.99,https://www.ah.be/producten/product/wi62515,https://static.ah.nl/dam/product/AHI_73486744505f4451527975337545336a7246514b4567?revLabel=1&rendition=200x200_JPG_Q85&fileType=binary,Red,Other,3.8,Albert Heijn
Antonin Rodet Vin de france pinot noir,7.99,https://www.ah.be/producten/product/wi514725,https://static.ah.nl/dam/product/AHI_4354523130313935343635?revLabel=1&rendition=200x200_JPG_Q85&fileType=binary,Red,Other,3.5,Albert Heijn
Château Juguet Saint-émillion grand cru,19.99,https://www.ah.be/producten/product/wi171581/chateau-juguet-saint-emillion-grand-cru,https://static.ah.nl/dam/product/AHI_31666a58432d344d516779566d344e52535758384e51?revLabel=1&rendition=200x200_JPG_Q85&fileType=binary,Red,Other,3.9,Albert Heijn
AH Fruitige Franse huiswijn rood,2.69,https://www.ah.be/producten/product/wi222366,https://static.ah.nl/dam/product/AHI_4354523130313836383933?revLabel=1&rendition=200x200_JPG_Q85&fileType=binary,Red,Other,,Albert Heijn
Santa Julia Malbec organic wiine,6.99,https://www.ah.be/producten/product/wi203400/santa-julia-malbec-organic-wiine,https://static.ah.nl/dam/product/AHI_434d50303237333936?revLabel=1&rendition=200x200_JPG_Q85&fileType=binary,Red,Other,3.4,Albert Heijn
AH Soepele Spaanse huiswijn rood,4.99,https://www.ah.be/producten/product/wi222352/ah-soepele-spaanse-huiswijn-rood,https://static.ah.nl/dam/product/AHI_345348455a4c696b53462d31744b7270796c4c323577?revLabel=1&rendition=200x200_JPG_Q85&fileType=binary,Red,Other,3.0,Albert Heijn
Mooi Kaap Droë rooi,4.29,https://www.ah.be/producten/product/wi365953/mooi-kaap-droe-rooi,https://static.ah.nl/dam/product/AHI_43545239363034393239?revLabel=3&rendition=200x200_JPG_Q85&fileType=binary,Red,Other,2.7,Albert Heijn
AH Excellent Selectie chianti classico,8.49,https://www.ah.be/producten/product/wi401832,https://static.ah.nl/dam/product/AHI_434d50323636333238?revLabel=1&rendition=200x200_JPG_Q85&fileType=binary,Red,Other,4.0,Albert Heijn
Protos Roble ribera del duero,9.99,https://www.ah.be/producten/product/wi232119/protos-roble-ribera-del-duero,https://static.ah.nl/dam/product/AHI_434d50313639303633?revLabel=3&rendition=200x200_JPG_Q85&fileType=binary,Red,Other,3.9,Albert Heijn
Marqués de Vitoria Rioja tempranillo,6.99,https://www.ah.be/producten/product/wi555337,https://static.ah.nl/dam/product/AHI_4354523130313839393837?revLabel=1&rendition=200x200_JPG_Q85&fileType=binary,Red,Other,3.8,Albert Heijn
Les Dauphins Cellier des dauphins rouge wijntap,13.99,https://www.ah.be/producten/product/wi481579/les-dauphins-cellier-des-dauphins-rouge-wijntap,https://static.ah.nl/dam/product/AHI_4354523130313838363034?revLabel=1&rendition=200x200_JPG_Q85&fileType=binary,Red,Other,3.4,Albert Heijn
Wild Pig Cabernet sauvignon,5.99,https://www.ah.be/producten/product/wi139784,https://static.ah.nl/dam/product/AHI_4354523130313838393137?revLabel=1&rendition=200x200_JPG_Q85&fileType=binary,Red,Other,3.1,Albert Heijn
Georges Duboeuf Beaujolais-villages,8.99,https://www.ah.be/producten/product/wi387122,https://static.ah.nl/dam/product/AHI_434d50323336343834?revLabel=2&rendition=200x200_JPG_Q85&fileType=binary,Red,Other,3.5,Albert Heijn
Fontanafredda Briccotondo barbera organic wine,7.99,https://www.ah.be/producten/product/wi129655/fontanafredda-briccotondo-barbera-organic-wine,https://static.ah.nl/dam/product/AHI_4e6a6d5f3951795a536c61324d374d675953592d5a51?revLabel=1&rendition=200x200_JPG_Q85&fileType=binary,Red,Other,3.6,Albert Heijn
Sarmentino Cabernet sauvignon,4.49,https://www.ah.be/producten/product/wi365951/sarmentino-cabernet-sauvignon,https://static.ah.nl/dam/product/AHI_43664e74306c43505152696b696e5769334742685751?revLabel=1&rendition=200x200_JPG_Q85&fileType=binary,Red,Other,3.0,Albert Heijn
AH Malbec,4.99,https://www.ah.be/producten/product/wi222344/ah-malbec,https://static.ah.nl/dam/product/AHI_64676b5838307455524d653362304b43545973517a51?revLabel=1&rendition=200x200_JPG_Q85&fileType=binary,Red,Other,3.7,Albert Heijn
Castaño Monastrell organic,5.49,https://www.ah.be/producten/product/wi440705/castano-monastrell-organic,https://static.ah.nl/dam/product/AHI_4354523130313738353239?revLabel=1&rendition=200x200_JPG_Q85&fileType=binary,Red,Other,3.6,Albert Heijn
Mesta Garnacha organic wine,5.99,https://www.ah.be/producten/product/wi425613/mesta-garnacha-organic-wine,https://static.ah.nl/dam/product/AHI_7161466c3347444e5143794852394e51554973745041?revLabel=1&rendition=200x200_JPG_Q85&fileType=binary,Red,Other,3.4,Albert Heijn
Antinori Villa antinori rosso Toscana,15.99,https://www.ah.be/producten/product/wi93522,https://static.ah.nl/dam/product/AHI_434d50303239373432?revLabel=1&rendition=200x200_JPG_Q85&fileType=binary,Red,Other,4.0,Albert Heijn
Aliwen Cabernet sauvignon syrah reserva,6.99,https://www.ah.be/producten/product/wi135312/aliwen-cabernet-sauvignon-syrah-reserva,https://static.ah.nl/dam/product/AHI_43545239363036363537?revLabel=1&rendition=200x200_JPG_Q85&fileType=binary,Red,Other,3.5,Albert Heijn
Cadis Valpolicella ripasso,6.99,https://www.ah.be/producten/product/wi440918/cadis-valpolicella-ripasso,https://static.ah.nl/dam/product/AHI_68445066585641445353656558516d44686e64364351?revLabel=1&rendition=200x200_JPG_Q85&fileType=binary,Red,Other,3.4,Albert Heijn
Finca Valdepiedra Cantos de valpiedra rioja crianza,9.99,https://www.ah.be/producten/product/wi161244,https://static.ah.nl/dam/product/AHI_43545239383637333732?revLabel=1&rendition=200x200_JPG_Q85&fileType=binary,Red,Other,3.6,Albert Heijn
Baglio di grisi Nero d'avola,9.99,https://www.ah.be/producten/product/wi396204/baglio-di-grisi-nero-d-avola,https://static.ah.nl/dam/product/AHI_797a33356d43713551386d7553706630596b4e6b4951?revLabel=1&rendition=200x200_JPG_Q85&fileType=binary,Red,Other,3.8,Albert Heijn
Cono Sur Cabernet sauvignon carménère syrah bio,9.98,https://www.ah.be/producten/product/wi411214/cono-sur-cabernet-sauvignon-carmenere-syrah-bio,https://static.ah.nl/dam/product/AHI_4354523130313835313633?revLabel=1&rendition=200x200_JPG_Q85&fileType=binary,Red,Other,3.5,Albert Heijn
Sangre de Toro Reserva,11.99,https://www.ah.be/producten/product/wi93570/sangre-de-toro-reserva,https://static.ah.nl/dam/product/AHI_4354523130313133313437?revLabel=1&rendition=200x200_JPG_Q85&fileType=binary,Red,Other,3.7,Albert Heijn
AH Biologisch Merlot,2.89,https://www.ah.be/producten/product/wi183611/ah-biologisch-merlot,https://static.ah.nl/dam/product/AHI_492d4f6547672d39515a366a696d6176323345713677?revLabel=1&rendition=200x200_JPG_Q85&fileType=binary,Red,Other,,Albert Heijn
La Tulipe Merlot,6.99,https://www.ah.be/producten/product/wi104107,https://static.ah.nl/dam/product/AHI_635939576c305971517371562d547068567372702d51?revLabel=1&rendition=200x200_JPG_Q85&fileType=binary,Red,Other,3.5,Albert Heijn
Cono Sur Bicicleta cabernet sauvignon,6.49,https://www.ah.be/producten/product/wi411210/cono-sur-bicicleta-cabernet-sauvignon,https://static.ah.nl/dam/product/AHI_4354523130323033333131?revLabel=1&rendition=200x200_JPG_Q85&fileType=binary,Red,Other,3.4,Albert Heijn
Spaanse wijn vino tinto dulce,4.99,https://www.ah.be/producten/product/wi34376/spaanse-wijn-vino-tinto-dulce,https://static.ah.nl/dam/product/AHI_4354523130313734333336?revLabel=1&rendition=200x200_JPG_Q85&fileType=binary,Red,Other,3.5,Albert Heijn
Antinori Santa cristina toscana rosso,9.99,https://www.ah.be/producten/product/wi104087,https://static.ah.nl/dam/product/AHI_494b53656666646b516d4b4f416b363038564b396f41?revLabel=1&rendition=200x200_JPG_Q85&fileType=binary,Red,Other,4.0,Albert Heijn
Georges Duboeuf Fleurie,11.99,https://www.ah.be/producten/product/wi387124,https://static.ah.nl/dam/product/AHI_434d50323336343739?revLabel=1&rendition=200x200_JPG_Q85&fileType=binary,Red,Other,3.6,Albert Heijn
Cadis Amarone della valpolicella,18.99,https://www.ah.be/producten/product/wi465754,https://static.ah.nl/dam/product/AHI_4354523130313834383736?revLabel=1&rendition=200x200_JPG_Q85&fileType=binary,Red,Other,3.8,Albert Heijn
Viña Albali Reserva,5.99,https://www.ah.be/producten/product/wi163556,https://static.ah.nl/dam/product/AHI_4354523130313933383130?revLabel=1&rendition=200x200_JPG_Q85&fileType=binary,Red,Other,3.4,Albert Heijn
Terra viva Bio marche sangiovese,6.99,https://www.ah.be/producten/product/wi183479/terra-viva-bio-marche-sangiovese,https://static.ah.nl/dam/product/AHI_6f694756355f576351354f6771534256326d44303751?revLabel=1&rendition=200x200_JPG_Q85&fileType=binary,Red,Other,3.5,Albert Heijn
Cono Sur Bicicleta merlot,5.99,https://www.ah.be/producten/product/wi411212,https://static.ah.nl/dam/product/AHI_4354523130313836343630?revLabel=1&rendition=200x200_JPG_Q85&fileType=binary,Red,Other,3.4,Albert Heijn
Wijntje Tempranillo bio,4.99,https://www.ah.be/producten/product/wi561457/wijntje-tempranillo-bio,https://static.ah.nl/dam/product/AHI_68646f5a4675716c52782d6331786350667754366541?revLabel=1&rendition=200x200_JPG_Q85&fileType=binary,Red,Other,3.1,Albert Heijn
Fattoria del Cerro Vino nobile di montepulciano,13.99,https://www.ah.be/producten/product/wi99181/fattoria-del-cerro-vino-nobile-di-montepulciano,https://static.ah.nl/dam/product/AHI_4354523130313833383939?revLabel=1&rendition=200x200_JPG_Q85&fileType=binary,Red,Other,3.8,Albert Heijn
Gabriel Meffre Cotes-du-rhone villages St Siffrein,6.99,https://www.ah.be/producten/product/wi440996,https://static.ah.nl/dam/product/AHI_4354525f36303034333936?revLabel=6&rendition=200x200_JPG_Q85&fileType=binary,Red,Other,3.6,Albert Heijn
Vruchtenwijn frambozen-bessen,4.99,https://www.ah.be/producten/product/wi34091/vruchtenwijn-frambozen-bessen,https://static.ah.nl/dam/product/AHI_434d50313433303237?revLabel=1&rendition=200x200_JPG_Q85&fileType=binary,Other,Other,3.3,Albert Heijn
Château La Marzenac La marzenac,11.99,https://www.ah.be/producten/product/wi152294,https://static.ah.nl/dam/product/AHI_3858507a724f634d53727138766876744e6970673077?revLabel=1&rendition=200x200_JPG_Q85&fileType=binary,Red,Other,3.6,Albert Heijn
Zuccardi Cabernet sauvignon,12.99,https://www.ah.be/producten/product/wi401932/zuccardi-cabernet-sauvignon,https://static.ah.nl/dam/product/AHI_434d50323538363439?revLabel=1&rendition=200x200_JPG_Q85&fileType=binary,Red,Other,4.0,Albert Heijn
AH Excellent Selectie chianti classico,5.99,https://www.ah.be/producten/product/wi440935/ah-excellent-selectie-chianti-classico,https://static.ah.nl/dam/product/AHI_4b525436303032353938?revLabel=2&rendition=200x200_JPG_Q85&fileType=binary,Red,Other,4.0,Albert Heijn
Cadis Valpolicella,7.99,https://www.ah.be/producten/product/wi476162,https://static.ah.nl/dam/product/AHI_43545239363736323336?revLabel=3&rendition=200x200_JPG_Q85&fileType=binary,Red,Other,3.8,Albert Heijn
Fontanafredda Barolo,27.99,https://www.ah.be/producten/product/wi160460/fontanafredda-barolo,https://static.ah.nl/dam/product/AHI_434d50303039303232?revLabel=4&rendition=200x200_JPG_Q85&fileType=binary,Red,Other,4.0,Albert Heijn
AH Excellent Selectie cangrande valpolicella ripasso,6.49,https://www.ah.be/producten/product/wi559304/ah-excellent-selectie-cangrande-valpolicella-ripasso,https://static.ah.nl/dam/product/AHI_4354523130313934313836?revLabel=1&rendition=200x200_JPG_Q85&fileType=binary,Red,Other,3.8,Albert Heijn
La Motte Millennium,12.99,https://www.ah.be/producten/product/wi183480/la-motte-millennium,https://static.ah.nl/dam/product/AHI_434d50303237343031?revLabel=3&rendition=200x200_JPG_Q85&fileType=binary,Red,Other,3.7,Albert Heijn
Rustenberg John x merriman,12.99,https://www.ah.be/producten/product/wi183481/rustenberg-john-x-merriman,https://static.ah.nl/dam/product/AHI_434d50323638323331?revLabel=1&rendition=200x200_JPG_Q85&fileType=binary,Red,Other,4.0,Albert Heijn
Penfolds Koonunga hill shiraz cabernet,9.99,https://www.ah.be/producten/product/wi93723/penfolds-koonunga-hill-shiraz-cabernet,https://static.ah.nl/dam/product/AHI_4354523130313434383935?revLabel=1&rendition=200x200_JPG_Q85&fileType=binary,Red,Other,3.8,Albert Heijn
Norton Colección cabernet sauvignon,6.89,https://www.ah.be/producten/product/wi99179/norton-coleccion-cabernet-sauvignon,https://static.ah.nl/dam/product/AHI_43545239393033353934?revLabel=1&rendition=200x200_JPG_Q85&fileType=binary,Red,Other,3.3,Albert Heijn
Undurraga Cabernet sauvignon,3.99,https://www.ah.be/producten/product/wi115212/undurraga-cabernet-sauvignon,https://static.ah.nl/dam/product/AHI_624e734641506a6f5234717863784736475135363441?revLabel=1&rendition=200x200_JPG_Q85&fileType=binary,Red,Other,3.5,Albert Heijn
Tamboerskloof Syrah,18.99,https://www.ah.be/producten/product/wi160261/tamboerskloof-syrah,https://static.ah.nl/dam/product/AHI_3549495f4738735753574f7171426449613545614577?revLabel=1&rendition=200x200_JPG_Q85&fileType=binary,Red,Other,4.1,Albert Heijn
Settesoli Nero d'avola,5.99,https://www.ah.be/producten/product/wi163547/settesoli-nero-d-avola,https://static.ah.nl/dam/product/AHI_4354523130313939363438?revLabel=1&rendition=200x200_JPG_Q85&fileType=binary,Red,Other,3.3,Albert Heijn
La Tulipe Merlot,4.99,https://www.ah.be/producten/product/wi195788/la-tulipe-merlot,https://static.ah.nl/dam/product/AHI_434d50303435323432?revLabel=1&rendition=200x200_JPG_Q85&fileType=binary,Red,Other,3.5,Albert Heijn
Fontanafredda Nebbiolo langhe,11.99,https://www.ah.be/producten/product/wi219946/fontanafredda-nebbiolo-langhe,https://static.ah.nl/dam/product/AHI_43545239383739333039?revLabel=1&rendition=200x200_JPG_Q85&fileType=binary,Red,Other,3.6,Albert Heijn
Château Haut Versann Saint-emilion,6.69,https://www.ah.be/producten/product/wi222164/chateau-haut-versann-saint-emilion,https://static.ah.nl/dam/product/AHI_784e6d4779376e46516f324b5f706272426337775441?revLabel=1&rendition=200x200_JPG_Q85&fileType=binary,Red,Other,4.1,Albert Heijn
AH Stevige Chileense huiswijn rood,2.69,https://www.ah.be/producten/product/wi222368,https://static.ah.nl/dam/product/AHI_434d50323436323237?revLabel=2&rendition=200x200_JPG_Q85&fileType=binary,Red,Other,,Albert Heijn
AH Soepele Zuid-Afrikaanse wijntap rood,11.99,https://www.ah.be/producten/product/wi222379/ah-soepele-zuid-afrikaanse-wijntap-rood,https://static.ah.nl/dam/product/AHI_4455462d4a777945515f53554f577774594f597a4841?revLabel=1&rendition=200x200_JPG_Q85&fileType=binary,Red,Other,2.4,Albert Heijn
Protos Crianza ribera del duero,15.99,https://www.ah.be/producten/product/wi232188/protos-crianza-ribera-del-duero,https://static.ah.nl/dam/product/AHI_434d50313639303534?revLabel=1&rendition=200x200_JPG_Q85&fileType=binary,Red,Other,4.0,Albert Heijn
Ricossa Barbera piemonte appassimento,14.99,https://www.ah.be/producten/product/wi382913/ricossa-barbera-piemonte-appassimento,https://static.ah.nl/dam/product/AHI_4354523130313939363439?revLabel=1&rendition=200x200_JPG_Q85&fileType=binary,Red,Other,4.1,Albert Heijn
Undurraga T.h. cabernet sauvignon cauquenes,19.99,https://www.ah.be/producten/product/wi419934/undurraga-t-h-cabernet-sauvignon-cauquenes,https://static.ah.nl/dam/product/AHI_5553387970414764514f36583936754671456f426f51?revLabel=1&rendition=200x200_JPG_Q85&fileType=binary,Red,Other,4.0,Albert Heijn
Free Feather Merlot Alcoholvrij,1.99,https://www.ah.be/producten/product/wi481749/free-feather-merlot-alcoholvrij,https://static.ah.nl/dam/product/AHI_4354523130313835353634?revLabel=1&rendition=200x200_JPG_Q85&fileType=binary,Red,Other,2.3,Albert Heijn
Origin Merlot,9.99,https://www.ah.be/producten/product/wi492372/origin-merlot,https://static.ah.nl/dam/product/AHI_453243455071577a5274576c647a7730537447423741?revLabel=1&rendition=200x200_JPG_Q85&fileType=binary,Red,Other,3.6,Albert Heijn
Cecchi Brunello di montalcino,33.98,https://www.ah.be/producten/product/wi503576/cecchi-brunello-di-montalcino,https://static.ah.nl/dam/product/AHI_43545239383437393636?revLabel=1&rendition=200x200_JPG_Q85&fileType=binary,Red,Other,3.9,Albert Heijn
Sangre de Toro Tempranillo,6.99,https://www.ah.be/producten/product/wi561456/sangre-de-toro-tempranillo,https://static.ah.nl/dam/product/AHI_3934786930686f7653644f4d4646565845786a4d6567?revLabel=1&rendition=200x200_JPG_Q85&fileType=binary,Red,Other,3.7,Albert Heijn
El Maestro Rood,5.49,https://www.ah.be/producten/product/wi570660/el-maestro-rood,https://static.ah.nl/dam/product/AHI_4354523130313833393039?revLabel=1&rendition=200x200_JPG_Q85&fileType=binary,Red,Other,3.8,Albert Heijn
Welmoed Shiraz pinotage,9.99,https://www.ah.be/producten/product/wi574205/welmoed-shiraz-pinotage,https://static.ah.nl/dam/product/AHI_4354523130303935323334?revLabel=1&rendition=200x200_JPG_Q85&fileType=binary,Red,Other,3.2,Albert Heijn
Piersanti Montepulciano d'Abruzzo doc,5.99,https://www.ah.be/producten/product/wi579371/piersanti-montepulciano-d-abruzzo-doc,https://static.ah.nl/dam/product/AHI_4354523130323034383933?revLabel=1&rendition=200x200_JPG_Q85&fileType=binary,Red,Other,3.7,Albert Heijn
Mooi Kaap Droë rooi wijntap,9.99,https://www.ah.be/producten/product/wi586074/mooi-kaap-droe-rooi-wijntap,https://static.ah.nl/dam/product/AHI_4354523130313835303533?revLabel=1&rendition=200x200_JPG_Q85&fileType=binary,Red,Other,2.7,Albert Heijn
LaCheteau Pinot noir Val de Loire,7.99,https://www.ah.be/producten/product/wi590816/lacheteau-pinot-noir-val-de-loire,https://static.ah.nl/dam/product/AHI_456466317a733658524f657630565542374a74755f51?revLabel=1&rendition=200x200_JPG_Q85&fileType=binary,Red,Other,3.0,Albert Heijn
Freixenet Cabernet sauvignon bel,9.99,https://www.ah.be/producten/product/wi591475/freixenet-cabernet-sauvignon-bel,https://static.ah.nl/dam/product/AHI_4354523130313738353832?revLabel=1&rendition=200x200_JPG_Q85&fileType=binary,Red,Other,3.4,Albert Heijn
"Freixenet 0,0% red wine bel",8.99,https://www.ah.be/producten/product/wi591671/freixenet-0-0-red-wine-bel,https://static.ah.nl/dam/product/AHI_4354523130313936363437?revLabel=1&rendition=200x200_JPG_Q85&fileType=binary,Red,Other,2.9,Albert Heijn
Rucio Sangria original bag in box,6.99,https://www.ah.be/producten/product/wi594779/rucio-sangria-original-bag-in-box,https://static.ah.nl/dam/product/AHI_34546d526a343846514975694932304e753041755841?revLabel=1&rendition=200x200_JPG_Q85&fileType=binary,Other,Box,3.8,Albert Heijn
Vermeersch Graffiti rood bib bel,24.99,https://www.ah.be/producten/product/wi597374/vermeersch-graffiti-rood-bib-bel,https://static.ah.nl/dam/product/AHI_7a6a4f685461316b536e475f69594d627a4b36344341?revLabel=1&rendition=200x200_JPG_Q85&fileType=binary,Red,Box,,Albert Heijn
Rodet Chardonnay,4.49,https://www.ah.be/producten/product/wi599407/rodet-chardonnay,https://static.ah.nl/dam/product/AHI_764a6f354b65566953374b4c57324d5f4f3569335477?revLabel=1&rendition=200x200_JPG_Q85&fileType=binary,White,Other,3.5,Albert Heijn
Rodet Pinot noir,5.99,https://www.ah.be/producten/product/wi599408/rodet-pinot-noir,https://static.ah.nl/dam/product/AHI_6a3472433751416b535071792d546e4b615f306f4c51?revLabel=1&rendition=200x200_JPG_Q85&fileType=binary,Red,Other,3.4,Albert Heijn
Terre di Verona Amarone,19.99,https://www.ah.be/producten/product/wi599735/terre-di-verona-amarone,https://static.ah.nl/dam/product/AHI_3454446b573056645150793054544843534b32735641?revLabel=1&rendition=200x200_JPG_Q85&fileType=binary,Red,Other,4.1,Albert Heijn
La Demoiselle Hautefort margaux,13.99,https://www.ah.be/producten/product/wi599736/la-demoiselle-hautefort-margaux,https://static.ah.nl/dam/product/AHI_72524a50452d6931525143747a4968514c6e6a736877?revLabel=1&rendition=200x200_JPG_Q85&fileType=binary,Red,Other,3.4,Albert Heijn
Nicolas Carlin Sancerre rouge,17.99,https://www.ah.be/producten/product/wi600014/nicolas-carlin-sancerre-rouge,https://static.ah.nl/dam/product/AHI_5a744f4b66334a575144795445496479427933314551?revLabel=1&rendition=200x200_JPG_Q85&fileType=binary,Red,Other,4.0,Albert Heijn
Lauriers du Terroir Cotes du Rhone villages,6.65,https://www.ah.be/producten/product/wi600048/lauriers-du-terroir-cotes-du-rhone-villages,https://static.ah.nl/dam/product/AHI_46615a7344584563543971616a3255475536624a4b77?revLabel=1&rendition=200x200_JPG_Q85&fileType=binary,Red,Other,3.8,Albert Heijn
Codorníu Clasico cava brut,9.99,https://www.ah.be/producten/product/wi171617,https://static.ah.nl/dam/product/AHI_4354523130313932313531?revLabel=1&rendition=200x200_JPG_Q85&fileType=binary,Sparkling,Other,3.6,Albert Heijn
Berberana cava brut,11.98,https://www.ah.be/producten/product/wi139913/berberana-cava-brut,https://static.ah.nl/dam/product/AHI_4354523130313837363939?revLabel=1&rendition=200x200_JPG_Q85&fileType=binary,Sparkling,Other,3.5,Albert Heijn
Marqués de Requena Brut bel,7.99,https://www.ah.be/producten/product/wi517090/marques-de-requena-brut-bel,https://static.ah.nl/dam/product/AHI_427056474b523036546d614a49736d4a694f36536651?revLabel=1&rendition=200x200_JPG_Q85&fileType=binary,Sparkling,Other,3.5,Albert Heijn
AH Excellent Selectie prosecco,7.99,https://www.ah.be/producten/product/wi435814,https://static.ah.nl/dam/product/AHI_7a62463778345f3652674763416a61356e654b5f4941?revLabel=1&rendition=200x200_JPG_Q85&fileType=binary,Rosé,Other,3.6,Albert Heijn
Marques monte Meru Sparkling brut bel,4.99,https://www.ah.be/producten/product/wi581573/marques-monte-meru-sparkling-brut-bel,https://static.ah.nl/dam/product/AHI_4354523130313830393837?revLabel=1&rendition=200x200_JPG_Q85&fileType=binary,Sparkling,Other,3.6,Albert Heijn
Castillo campo Arcis Cava brut bel,5.49,https://www.ah.be/producten/product/wi581575/castillo-campo-arcis-cava-brut-bel,https://static.ah.nl/dam/product/AHI_4354523130313033363137?revLabel=1&rendition=200x200_JPG_Q85&fileType=binary,Sparkling,Other,3.2,Albert Heijn
Solatio Prosecco spumante extra dry,8.99,https://www.ah.be/producten/product/wi409251,https://static.ah.nl/dam/product/AHI_4354523130303830343434?revLabel=1&rendition=200x200_JPG_Q85&fileType=binary,Rosé,Other,3.4,Albert Heijn
Berberana cava brut rose,11.98,https://www.ah.be/producten/product/wi199760/berberana-cava-brut-rose,https://static.ah.nl/dam/product/AHI_434d5031373036363331?revLabel=1&rendition=200x200_JPG_Q85&fileType=binary,Rosé,Other,3.4,Albert Heijn
Nicolas Feuillatte Brut grande reserve bel,29.99,https://www.ah.be/producten/product/wi584103/nicolas-feuillatte-brut-grande-reserve-bel,https://static.ah.nl/dam/product/AHI_4354523130313135313933?revLabel=1&rendition=200x200_JPG_Q85&fileType=binary,Sparkling,Other,3.8,Albert Heijn
Solatio Vino frizzante prosecco doc,7.99,https://www.ah.be/producten/product/wi222388,https://static.ah.nl/dam/product/AHI_73324e5246394e65522d69744a504f697a444c795477?revLabel=1&rendition=200x200_JPG_Q85&fileType=binary,Rosé,Other,3.1,Albert Heijn
Faszination Hugo rosé,2.99,https://www.ah.be/producten/product/wi446335,https://static.ah.nl/dam/product/AHI_43545236313939393737?revLabel=1&rendition=200x200_JPG_Q85&fileType=binary,Sparkling,Other,3.7,Albert Heijn
Diane de Frion Champagne brut,17.99,https://www.ah.be/producten/product/wi447368,https://static.ah.nl/dam/product/AHI_4354523130303436313030?revLabel=1&rendition=200x200_JPG_Q85&fileType=binary,Sparkling,Other,3.5,Albert Heijn
Galilei Hugo 0%,3.99,https://www.ah.be/producten/product/wi387221,https://static.ah.nl/dam/product/AHI_43545238333936323536?revLabel=1&rendition=200x200_JPG_Q85&fileType=binary,Sparkling,Other,,Albert Heijn
Berberana cava semi sec,11.98,https://www.ah.be/producten/product/wi199759/berberana-cava-semi-sec,https://static.ah.nl/dam/product/AHI_434d50313839353039?revLabel=2&rendition=200x200_JPG_Q85&fileType=binary,Sparkling,Other,3.7,Albert Heijn
Codorníu Clasico semi sec organic,9.99,https://www.ah.be/producten/product/wi192808,https://static.ah.nl/dam/product/AHI_4354523130313839323530?revLabel=1&rendition=200x200_JPG_Q85&fileType=binary,Sparkling,Other,3.7,Albert Heijn
Faszination Hugo,2.99,https://www.ah.be/producten/product/wi436936,https://static.ah.nl/dam/product/AHI_7a383676764f56415279613347614d5359314f723777?revLabel=1&rendition=200x200_JPG_Q85&fileType=binary,Sparkling,Other,,Albert Heijn
Marques monte Meru Semi seco bel,4.99,https://www.ah.be/producten/product/wi581574/marques-monte-meru-semi-seco-bel,https://static.ah.nl/dam/product/AHI_4354523130313033363039?revLabel=1&rendition=200x200_JPG_Q85&fileType=binary,Sparkling,Other,3.3,Albert Heijn
Codorníu Zero bel,6.89,https://www.ah.be/producten/product/wi377741/codorniu-zero-bel,https://static.ah.nl/dam/product/AHI_504e6364526d776b51552d6e44622d572d646e383541?revLabel=1&rendition=200x200_JPG_Q85&fileType=binary,Sparkling,Other,3.5,Albert Heijn
Galilei Bellini frizzante peach,4.49,https://www.ah.be/producten/product/wi212130/galilei-bellini-frizzante-peach,https://static.ah.nl/dam/product/AHI_43545238333936323533?revLabel=1&rendition=200x200_JPG_Q85&fileType=binary,Sparkling,Other,3.3,Albert Heijn
Freixenet Prosecco doc bel,10.99,https://www.ah.be/producten/product/wi459880/freixenet-prosecco-doc-bel,https://static.ah.nl/dam/product/AHI_4c624e6e666d4a385431434b31425137715854335577?revLabel=1&rendition=200x200_JPG_Q85&fileType=binary,Rosé,Other,3.6,Albert Heijn
Sarmentino Frizzante,5.99,https://www.ah.be/producten/product/wi436955,https://static.ah.nl/dam/product/AHI_776174454b593958525f364856487645697a41313341?revLabel=1&rendition=200x200_JPG_Q85&fileType=binary,Sparkling,Other,3.1,Albert Heijn
Marqués de Requena Cava rose bel,8.79,https://www.ah.be/producten/product/wi518451/marques-de-requena-cava-rose-bel,https://static.ah.nl/dam/product/AHI_4354523130313837373635?revLabel=1&rendition=200x200_JPG_Q85&fileType=binary,Rosé,Other,,Albert Heijn
Martini Prosecco doc,9.99,https://www.ah.be/producten/product/wi368337,https://static.ah.nl/dam/product/AHI_43545239353432343434?revLabel=1&rendition=200x200_JPG_Q85&fileType=binary,Rosé,Other,3.7,Albert Heijn
Galilei Hugo rosé,3.99,https://www.ah.be/producten/product/wi224858,https://static.ah.nl/dam/product/AHI_43545238333936323534?revLabel=1&rendition=200x200_JPG_Q85&fileType=binary,Sparkling,Other,,Albert Heijn
Solatio Vino frizzante bianco,5.49,https://www.ah.be/producten/product/wi222389/solatio-vino-frizzante-bianco,https://static.ah.nl/dam/product/AHI_434d50313432343439?revLabel=6&rendition=200x200_JPG_Q85&fileType=binary,Sparkling,Other,3.1,Albert Heijn
Antonin Rodet Cremant de bourgogne brut,12.99,https://www.ah.be/producten/product/wi194765,https://static.ah.nl/dam/product/AHI_4354523130313833303035?revLabel=1&rendition=200x200_JPG_Q85&fileType=binary,Sparkling,Other,3.7,Albert Heijn
Castillo campo Arcis Cava semi seco bel,5.49,https://www.ah.be/producten/product/wi581577/castillo-campo-arcis-cava-semi-seco-bel,https://static.ah.nl/dam/product/AHI_4354523130313033363037?revLabel=1&rendition=200x200_JPG_Q85&fileType=binary,Sparkling,Other,3.7,Albert Heijn
Galilei Hugo,3.99,https://www.ah.be/producten/product/wi217382,https://static.ah.nl/dam/product/AHI_34416b6e487a7a4f516653432d783952743450735041?revLabel=1&rendition=200x200_JPG_Q85&fileType=binary,Sparkling,Other,,Albert Heijn
Marqués de Requena Semi seco bel,7.99,https://www.ah.be/producten/product/wi479077/marques-de-requena-semi-seco-bel,https://static.ah.nl/dam/product/AHI_4354523130313934303834?revLabel=1&rendition=200x200_JPG_Q85&fileType=binary,Sparkling,Other,3.3,Albert Heijn
Terra viva Bio prosecco doc,7.99,https://www.ah.be/producten/product/wi195124/terra-viva-bio-prosecco-doc,https://static.ah.nl/dam/product/AHI_455f3558514d315451375754797361473876734d3841?revLabel=1&rendition=200x200_JPG_Q85&fileType=binary,Rosé,Other,3.4,Albert Heijn
"Amare Sparkling brut 0,0% bel",8.99,https://www.ah.be/producten/product/wi580563/amare-sparkling-brut-0-0-bel,https://static.ah.nl/dam/product/AHI_4354523130313034303737?revLabel=1&rendition=200x200_JPG_Q85&fileType=binary,Sparkling,Other,,Albert Heijn
Castillo campo Arcis Cava rose bel,6.99,https://www.ah.be/producten/product/wi581576/castillo-campo-arcis-cava-rose-bel,https://static.ah.nl/dam/product/AHI_4354523130313033363132?revLabel=1&rendition=200x200_JPG_Q85&fileType=binary,Rosé,Other,4.0,Albert Heijn
AH Excellent Selectie champagne brut premier cru,26.99,https://www.ah.be/producten/product/wi486039,https://static.ah.nl/dam/product/AHI_4354523130313930343630?revLabel=1&rendition=200x200_JPG_Q85&fileType=binary,Sparkling,Other,4.2,Albert Heijn
Moët & Chandon Champagne brut impérial,39.99,https://www.ah.be/producten/product/wi61130,https://static.ah.nl/dam/product/AHI_6673656b413272755475754f36747330775f38347151?revLabel=1&rendition=200x200_JPG_Q85&fileType=binary,Sparkling,Other,4.1,Albert Heijn
Galilei Hugo,1.89,https://www.ah.be/producten/product/wi440919/galilei-hugo,https://static.ah.nl/dam/product/AHI_4b525436303032353935?revLabel=2&rendition=200x200_JPG_Q85&fileType=binary,Sparkling,Other,,Albert Heijn
Galilei Frizzante mango,4.99,https://www.ah.be/producten/product/wi403094,https://static.ah.nl/dam/product/AHI_434d50323637353436?revLabel=1&rendition=200x200_JPG_Q85&fileType=binary,Sparkling,Other,3.1,Albert Heijn
Scanavino Moscato dolce rosato bel,3.49,https://www.ah.be/producten/product/wi580702/scanavino-moscato-dolce-rosato-bel,https://static.ah.nl/dam/product/AHI_4354523130313934363836?revLabel=1&rendition=200x200_JPG_Q85&fileType=binary,Rosé,Other,4.0,Albert Heijn
Freixenet Italian rosé bel,12.99,https://www.ah.be/producten/product/wi459929/freixenet-italian-rose-bel,https://static.ah.nl/dam/product/AHI_517958686a7178395343713168633433456231707a51?revLabel=1&rendition=200x200_JPG_Q85&fileType=binary,Rosé,Other,3.8,Albert Heijn
Castel Boglione Asti,5.49,https://www.ah.be/producten/product/wi440891,https://static.ah.nl/dam/product/AHI_4354523130313930303138?revLabel=1&rendition=200x200_JPG_Q85&fileType=binary,Sparkling,Other,3.3,Albert Heijn
Moët & Chandon Champagne nectar impérial,44.99,https://www.ah.be/producten/product/wi61131/moet-en-chandon-champagne-nectar-imperial,https://static.ah.nl/dam/product/AHI_5973393848364b695376324747564857397a4a445677?revLabel=1&rendition=200x200_JPG_Q85&fileType=binary,Sparkling,Other,4.2,Albert Heijn
Scanavino Moscato dolce bel,3.49,https://www.ah.be/producten/product/wi580701/scanavino-moscato-dolce-bel,https://static.ah.nl/dam/product/AHI_4354523130313934393830?revLabel=1&rendition=200x200_JPG_Q85&fileType=binary,White,Other,4.0,Albert Heijn
Calvet Ice chardonnay demi-sec,9.99,https://www.ah.be/producten/product/wi377684,https://static.ah.nl/dam/product/AHI_4354523130313931343335?revLabel=1&rendition=200x200_JPG_Q85&fileType=binary,White,Other,3.8,Albert Heijn
Vintea Sparkling jasmin 0.0%,9.99,https://www.ah.be/producten/product/wi583600/vintea-sparkling-jasmin-0-0,https://static.ah.nl/dam/product/AHI_4354523130313932373930?revLabel=1&rendition=200x200_JPG_Q85&fileType=binary,Sparkling,Other,3.6,Albert Heijn
Fontanafredda Moscato d'Asti bio,9.99,https://www.ah.be/producten/product/wi99158/fontanafredda-moscato-d-asti-bio,https://static.ah.nl/dam/product/AHI_4354523130313931363530?revLabel=1&rendition=200x200_JPG_Q85&fileType=binary,Red,Other,4.2,Albert Heijn
AH Excellent Selectie champagne brut rosé,24.99,https://www.ah.be/producten/product/wi523975/ah-excellent-selectie-champagne-brut-rose,https://static.ah.nl/dam/product/AHI_4354523130313834343233?revLabel=1&rendition=200x200_JPG_Q85&fileType=binary,Rosé,Other,4.4,Albert Heijn
Charlyne Champagne bel,29.99,https://www.ah.be/producten/product/wi565159/charlyne-champagne-bel,https://static.ah.nl/dam/product/AHI_4354523130303331393730?revLabel=1&rendition=200x200_JPG_Q85&fileType=binary,Sparkling,Other,4.1,Albert Heijn
Tardia Sweet rosé sparkling wine,8.99,https://www.ah.be/producten/product/wi570699/tardia-sweet-rose-sparkling-wine,https://static.ah.nl/dam/product/AHI_4354523130313931363236?revLabel=1&rendition=200x200_JPG_Q85&fileType=binary,Rosé,Other,3.5,Albert Heijn
Solatio Vino frizzante prosecco doc,4.59,https://www.ah.be/producten/product/wi365695/solatio-vino-frizzante-prosecco-doc,https://static.ah.nl/dam/product/AHI_43545239383438363531?revLabel=1&rendition=200x200_JPG_Q85&fileType=binary,Rosé,Other,3.1,Albert Heijn
"Freixenet 0,0% sparkling white bel",6.99,https://www.ah.be/producten/product/wi386370/freixenet-0-0-sparkling-white-bel,https://static.ah.nl/dam/product/AHI_66444657566a657853574759744b7350435079647951?revLabel=1&rendition=200x200_JPG_Q85&fileType=binary,White,Other,3.6,Albert Heijn
Galilei Frizzante watermelon,4.29,https://www.ah.be/producten/product/wi387223/galilei-frizzante-watermelon,https://static.ah.nl/dam/product/AHI_434d50323435333933?revLabel=1&rendition=200x200_JPG_Q85&fileType=binary,Sparkling,Other,,Albert Heijn
Solatio Prosecco rosé spumante doc,8.99,https://www.ah.be/producten/product/wi486382/solatio-prosecco-rose-spumante-doc,https://static.ah.nl/dam/product/AHI_4354523130313932313131?revLabel=1&rendition=200x200_JPG_Q85&fileType=binary,Rosé,Other,3.4,Albert Heijn
Krone Vintage rosé cuvée brut,10.99,https://www.ah.be/producten/product/wi494524/krone-vintage-rose-cuvee-brut,https://static.ah.nl/dam/product/AHI_43545239373236353532?revLabel=2&rendition=200x200_JPG_Q85&fileType=binary,Rosé,Other,3.9,Albert Heijn
Arthur Metz Cremant d'alsace,12.99,https://www.ah.be/producten/product/wi551208/arthur-metz-cremant-d-alsace,https://static.ah.nl/dam/product/AHI_4354523130313833313131?revLabel=1&rendition=200x200_JPG_Q85&fileType=binary,Sparkling,Other,3.9,Albert Heijn
AH Excellent Selectie martinez port late vintage,10.99,https://www.ah.be/producten/product/wi560446/ah-excellent-selectie-martinez-port-late-vintage,https://static.ah.nl/dam/product/AHI_4354523130313839343730?revLabel=1&rendition=200x200_JPG_Q85&fileType=binary,Other,Other,3.8,Albert Heijn
19 Crimes Sparkling white,11.99,https://www.ah.be/producten/product/wi563522/19-crimes-sparkling-white,https://static.ah.nl/dam/product/AHI_7468584130544775534861724c4f685731644b4f4441?revLabel=1&rendition=200x200_JPG_Q85&fileType=binary,White,Other,3.7,Albert Heijn
Viverty Sparkling orange spritz,5.99,https://www.ah.be/producten/product/wi583227/viverty-sparkling-orange-spritz,https://static.ah.nl/dam/product/AHI_4354523130313935363934?revLabel=1&rendition=200x200_JPG_Q85&fileType=binary,Sparkling,Other,3.9,Albert Heijn
LaCheteau Crémant de Loire blanc brut,9.99,https://www.ah.be/producten/product/wi590813/lacheteau-cremant-de-loire-blanc-brut,https://static.ah.nl/dam/product/AHI_4354523130313639363938?revLabel=1&rendition=200x200_JPG_Q85&fileType=binary,White,Other,3.7,Albert Heijn
"Freixenet 0,0% sparkling rosé bel",2.49,https://www.ah.be/producten/product/wi591679/freixenet-0-0-sparkling-rose-bel,https://static.ah.nl/dam/product/AHI_4354523130313738363830?revLabel=1&rendition=200x200_JPG_Q85&fileType=binary,Rosé,Other,3.6,Albert Heijn
"Freixenet 0,0% sparkling white bel",2.29,https://www.ah.be/producten/product/wi591804/freixenet-0-0-sparkling-white-bel,https://static.ah.nl/dam/product/AHI_4354523130313738363739?revLabel=1&rendition=200x200_JPG_Q85&fileType=binary,White,Other,3.6,Albert Heijn
Martini Frizzante semisecco bel,9.99,https://www.ah.be/producten/product/wi597371/martini-frizzante-semisecco-bel,https://static.ah.nl/dam/product/AHI_4354523130303730323839?revLabel=1&rendition=200x200_JPG_Q85&fileType=binary,Sparkling,Other,,Albert Heijn
Martini Frizzante rosato bel,9.99,https://www.ah.be/producten/product/wi597372/martini-frizzante-rosato-bel,https://static.ah.nl/dam/product/AHI_4354523130313636313739?revLabel=1&rendition=200x200_JPG_Q85&fileType=binary,Sparkling,Other,,Albert Heijn
Ricossa Brachetto d'Aqui,9.99,https://www.ah.be/producten/product/wi599710/ricossa-brachetto-d-aqui,https://static.ah.nl/dam/product/AHI_317579554d4277495433654c6e4e7144507956376177?revLabel=1&rendition=200x200_JPG_Q85&fileType=binary,Sparkling,Other,3.9,Albert Heijn
Fontanafredda Bollaciao,19.99,https://www.ah.be/producten/product/wi599733/fontanafredda-bollaciao,https://static.ah.nl/dam/product/AHI_6779754c334e5a48535575744848795a33526e4a3767?revLabel=1&rendition=200x200_JPG_Q85&fileType=binary,Red,Other,3.7,Albert Heijn
Freixenet Cordon negro brut bel,3.49,https://www.ah.be/producten/product/wi599764/freixenet-cordon-negro-brut-bel,https://static.ah.nl/dam/product/AHI_6736787577573366535265564c794f38685941775777?revLabel=1&rendition=200x200_JPG_Q85&fileType=binary,Sparkling,Other,3.6,Albert Heijn
Prosecco extra dry,7.99,https://www.ah.be/producten/product/wi600247/prosecco-extra-dry,https://static.ah.nl/dam/product/AHI_6144415162647352536f574566613536703573337541?revLabel=1&rendition=200x200_JPG_Q85&fileType=binary,Rosé,Other,3.7,Albert Heijn
